question_id,image_id,category,severity,correct,answer,ground_truth,native_confidence,bce_oof,order_oof
00255101,2410643,color,0.0,True,black,black,-0.10237962,0.37885725,0.39377514
00255101,2410643,color,0.25,True,black,black,-0.1737596,0.28495318,0.28268215
00255101,2410643,color,0.5,True,black,black,-1.1867745,0.18145439,0.17359917
00255101,2410643,color,0.75,False,red,black,-1.4066849,0.16504224,0.1616129
00255101,2410643,color,1.0,False,red,black,-1.4673034,0.1660537,0.16142079
00324617,2378916,color,0.0,False,red and blue,blue,-0.3516689,0.65409964,0.6428912
00324617,2378916,color,0.25,False,red and blue,blue,-0.33758694,0.5857813,0.5720594
00324617,2378916,color,0.5,False,red and blue,blue,-0.34364444,0.42139548,0.42039555
00324617,2378916,color,0.75,False,red and blue,blue,-0.31703424,0.4534839,0.45720524
00324617,2378916,color,1.0,False,gray,blue,-0.61676866,0.28310606,0.27870557
00362278,2372454,identity,0.0,True,chair,chair,-0.009758624,0.5582418,0.56446224
00362278,2372454,identity,0.25,True,chair,chair,-0.009013677,0.52157027,0.5268324
00362278,2372454,identity,0.5,True,chair,chair,-0.02558446,0.5128664,0.51524526
00362278,2372454,identity,0.75,True,chair,chair,-0.09123122,0.3014587,0.31364548
00362278,2372454,identity,1.0,True,chair,chair,-0.280018,0.2926015,0.29002807
00416722,2399079,identity,0.0,True,bird,bird,-0.016919786,0.592481,0.60460794
00416722,2399079,identity,0.25,True,bird,bird,-0.005637698,0.5215022,0.5289678
00416722,2399079,identity,0.5,True,bird,bird,-0.035748072,0.52840215,0.5273184
00416722,2399079,identity,0.75,False,snake,bird,-1.6567549,0.37091672,0.33538654
00416722,2399079,identity,1.0,True,bird,bird,-1.8013772,0.3513044,0.31760946
00729416,2391042,material,0.0,True,concrete,concrete,-0.23143654,0.53433746,0.5237034
00729416,2391042,material,0.25,False,wood,concrete,-0.22417128,0.42720544,0.41267362
00729416,2391042,material,0.5,False,wood,concrete,-0.12172115,0.4998584,0.47782305
00729416,2391042,material,0.75,False,wood,concrete,-1.4506843,0.38672757,0.37365866
00729416,2391042,material,1.0,False,stone,concrete,-1.024576,0.43743187,0.4304745
00866375,2360132,color,0.0,False,black,gray,-0.48683316,0.5779344,0.5607348
00866375,2360132,color,0.25,False,black,gray,-1.2733564,0.5188768,0.4935664
00866375,2360132,color,0.5,False,purple,gray,-1.1677865,0.5008339,0.4703473
00866375,2360132,color,0.75,False,brown,gray,-0.6118782,0.4544132,0.4147843
00866375,2360132,color,1.0,False,purple,gray,-0.85663885,0.45080146,0.40715417
00935826,2362947,material,0.0,False,wood,metal,-0.02690557,0.37420255,0.38510138
00935826,2362947,material,0.25,False,wood,metal,-0.11589457,0.34447673,0.3469298
00935826,2362947,material,0.5,False,wood,metal,-0.08609581,0.3867588,0.38525993
00935826,2362947,material,0.75,False,wood,metal,-0.07647739,0.31977102,0.32015774
00935826,2362947,material,1.0,False,wood,metal,-0.01603294,0.3138687,0.31797913
011021063,2327592,color,0.0,False,black and yellow,white,-0.3539456,0.39900425,0.43973175
011021063,2327592,color,0.25,False,black and yellow,white,-0.4435882,0.25890514,0.3031427
011021063,2327592,color,0.5,False,black,white,-0.19666824,0.34358525,0.3616178
011021063,2327592,color,0.75,False,black,white,-0.6895176,0.2363613,0.24596068
011021063,2327592,color,1.0,False,black,white,-0.80765855,0.2541517,0.26431578
01125115,2383075,identity,0.0,True,orange,orange,-0.33446887,0.6544523,0.6799778
01125115,2383075,identity,0.25,True,orange,orange,-0.3717534,0.5836946,0.6087954
01125115,2383075,identity,0.5,True,orange,orange,-0.40441662,0.5805513,0.60181975
01125115,2383075,identity,0.75,False,yellow,orange,-0.08146784,0.5211819,0.54336387
01125115,2383075,identity,1.0,False,yellow,orange,-0.028698245,0.5700271,0.5904215
01178812,2386472,identity,0.0,False,table,drawer,-0.89153266,0.18120135,0.18787695
01178812,2386472,identity,0.25,False,table,drawer,-1.2865558,0.1573632,0.16321081
01178812,2386472,identity,0.5,False,chair,drawer,-1.097416,0.18180567,0.18684404
01178812,2386472,identity,0.75,False,chair,drawer,-0.66664374,0.20831208,0.21250448
01178812,2386472,identity,1.0,False,chair,drawer,-0.8782504,0.19156602,0.19802906
01179301,2401028,material,0.0,False,wood,glass,-0.013362378,0.3970641,0.39998627
01179301,2401028,material,0.25,False,wood,glass,-0.017075194,0.37671146,0.37676588
01179301,2401028,material,0.5,False,wood,glass,-0.017758068,0.380946,0.37784418
01179301,2401028,material,0.75,False,wood,glass,-0.0147000775,0.37310362,0.37264445
01179301,2401028,material,1.0,False,wood,glass,-0.0131933335,0.37204263,0.37209755
01229011,2406044,shape,0.0,True,square,square,-0.12908964,0.55162245,0.59287864
01229011,2406044,shape,0.25,True,square,square,-0.14150035,0.44202793,0.48280314
01229011,2406044,shape,0.5,True,square,square,-0.21381347,0.34398246,0.33590928
01229011,2406044,shape,0.75,True,square,square,-0.26165047,0.30594972,0.29242674
01229011,2406044,shape,1.0,True,square,square,-0.29043722,0.28259003,0.27097863
01275423,3716,color,0.0,True,white,white,-0.043316286,0.8759728,0.87058896
01275423,3716,color,0.25,True,white,white,-0.4088313,0.8201912,0.80687183
01275423,3716,color,0.5,True,white,white,-0.3003498,0.83264923,0.82195103
01275423,3716,color,0.75,True,white,white,-0.06719356,0.8585762,0.8510659
01275423,3716,color,1.0,True,white,white,-0.19722567,0.8283891,0.8169852
01297407,2363316,identity,0.0,False,pepper,onion,-0.41953483,0.323466,0.3112285
01297407,2363316,identity,0.25,False,tomato,onion,-0.41576135,0.3802284,0.36580276
01297407,2363316,identity,0.5,False,tomato,onion,-0.7155197,0.41368604,0.41147324
01297407,2363316,identity,0.75,True,onion,onion,-1.3365047,0.36494675,0.3660866
01297407,2363316,identity,1.0,False,sauce,onion,-0.87247276,0.34101334,0.33640176
01389513,2364527,shape,0.0,True,square,square,-0.4024252,0.54512584,0.5513059
01389513,2364527,shape,0.25,True,square,square,-0.38474774,0.48919213,0.48191425
01389513,2364527,shape,0.5,True,square,square,-0.43870893,0.502943,0.49272966
01389513,2364527,shape,0.75,True,square,square,-0.557129,0.50104964,0.48994058
01389513,2364527,shape,1.0,True,square,square,-0.6992036,0.4690088,0.45681843
01494763,2376882,color,0.0,True,black,black,-0.046642274,0.4114509,0.39910403
01494763,2376882,color,0.25,True,black,black,-0.8975878,0.2683411,0.245872
01494763,2376882,color,0.5,False,gray,black,-1.0714556,0.27387875,0.25096673
01494763,2376882,color,0.75,False,white,black,-1.2049282,0.2443434,0.22553974
01494763,2376882,color,1.0,True,black,black,-0.98948646,0.26611322,0.24171993
01582909,2378055,material,0.0,True,yes,yes,-0.008729156,0.8924746,0.8840099
01582909,2378055,material,0.25,True,yes,yes,-0.010614368,0.88387597,0.8757135
01582909,2378055,material,0.5,True,yes,yes,-0.038988993,0.8744829,0.86679286
01582909,2378055,material,0.75,True,yes,yes,-0.08995455,0.85820097,0.8500611
01582909,2378055,material,1.0,True,yes,yes,-0.47606808,0.8408498,0.83466893
01671289,1159457,identity,0.0,True,jacket,jacket,-0.10349568,0.37170422,0.4185491
01671289,1159457,identity,0.25,True,jacket,jacket,-0.14740548,0.38209018,0.4251165
01671289,1159457,identity,0.5,True,jacket,jacket,-0.18221219,0.40654755,0.45320535
01671289,1159457,identity,0.75,False,sweater,jacket,-0.46554476,0.39405596,0.43356398
01671289,1159457,identity,1.0,True,jacket,jacket,-0.31665224,0.3338174,0.35820007
01738786,2334150,identity,0.0,False,jacket,coat,-0.33574346,0.23069167,0.24683304
01738786,2334150,identity,0.25,False,jacket,coat,-0.079521716,0.21240278,0.22726563
01738786,2334150,identity,0.5,False,jacket,coat,-0.14325644,0.2104093,0.22072943
01738786,2334150,identity,0.75,False,jacket,coat,-0.53439003,0.1844495,0.19061662
01738786,2334150,identity,1.0,False,jacket,coat,-0.59817207,0.18397222,0.18818587
01775293,2346673,material,0.0,True,glass,glass,-0.45012274,0.33547616,0.3555657
01775293,2346673,material,0.25,False,wood,glass,-0.50305426,0.29559803,0.30193293
01775293,2346673,material,0.5,False,wood,glass,-0.3783117,0.27994114,0.2842012
01775293,2346673,material,0.75,False,wood,glass,-0.38108763,0.24706471,0.25396645
01775293,2346673,material,1.0,False,wood,glass,-0.42351514,0.19293886,0.20186433
01873723,2409967,color,0.0,True,white,white,-0.00422027,0.5529248,0.5409093
01873723,2409967,color,0.25,True,white,white,-0.010034119,0.49767426,0.4805597
01873723,2409967,color,0.5,True,white,white,-0.024133138,0.4205004,0.40611228
01873723,2409967,color,0.75,True,white,white,-0.12346275,0.34082133,0.3314506
01873723,2409967,color,1.0,True,white,white,-0.16282159,0.33958924,0.33627975
01945269,2375580,color,0.0,True,black,black,-0.20522289,0.6433147,0.632776
01945269,2375580,color,0.25,False,white,black,-0.15130673,0.64932853,0.6310158
01945269,2375580,color,0.5,False,white,black,-0.16743052,0.6232603,0.60124975
01945269,2375580,color,0.75,False,white,black,-0.14820898,0.6321681,0.6141143
01945269,2375580,color,1.0,False,white,black,-0.1053802,0.6226325,0.6065914
01998367,2408244,color,0.0,False,green,gray,-0.47508985,0.5944249,0.6294152
01998367,2408244,color,0.25,True,gray,gray,-0.8894548,0.6114277,0.6430487
01998367,2408244,color,0.5,True,gray,gray,-0.75056636,0.57131916,0.59627724
01998367,2408244,color,0.75,False,green,gray,-0.42482537,0.5607036,0.5784227
01998367,2408244,color,1.0,False,black,gray,-0.14302169,0.5475084,0.5126063
021054250,2332297,color,0.0,True,white,white,-0.44951758,0.40857163,0.42197245
021054250,2332297,color,0.25,False,red,white,-0.878229,0.24908468,0.25814658
021054250,2332297,color,0.5,False,red,white,-0.048228655,0.42961538,0.41234687
021054250,2332297,color,0.75,False,red,white,-0.054720026,0.45904005,0.4464595
021054250,2332297,color,1.0,False,red,white,-0.054563474,0.4513078,0.43002096
02251016,2335043,color,0.0,False,yellow,green,-1.3472013,0.519353,0.55285895
02251016,2335043,color,0.25,False,yellow,green,-1.0458565,0.604966,0.6274585
02251016,2335043,color,0.5,False,yellow,green,-1.0492594,0.5943729,0.61822677
02251016,2335043,color,0.75,False,orange,green,-0.97790974,0.6157782,0.63709587
02251016,2335043,color,1.0,False,orange,green,-0.90126234,0.6154105,0.6354282
02513848,2406874,identity,0.0,True,giraffe,giraffe,-0.0020495928,0.539591,0.5652878
02513848,2406874,identity,0.25,True,giraffe,giraffe,-0.0038090118,0.5363681,0.5559776
02513848,2406874,identity,0.5,True,giraffe,giraffe,-0.0016841646,0.5643786,0.56732094
02513848,2406874,identity,0.75,False,goat,giraffe,-1.0430272,0.31977668,0.35228175
02513848,2406874,identity,1.0,False,goat,giraffe,-0.65324306,0.29957908,0.3286175
02625059,2411437,identity,0.0,False,cabinet,drawer,-0.15347044,0.19179814,0.20420325
02625059,2411437,identity,0.25,False,cabinet,drawer,-0.09827699,0.20826523,0.216718
02625059,2411437,identity,0.5,False,cabinet,drawer,-0.10565075,0.19679381,0.20567895
02625059,2411437,identity,0.75,False,cabinet,drawer,-0.082801536,0.20145907,0.21073961
02625059,2411437,identity,1.0,False,cabinet,drawer,-0.09436142,0.21016571,0.21834315
02639683,2358464,identity,0.0,True,rice,rice,-0.008723484,0.8673244,0.8541623
02639683,2358464,identity,0.25,True,rice,rice,-0.004421696,0.87065214,0.8574746
02639683,2358464,identity,0.5,True,rice,rice,-0.004805919,0.8706052,0.8575566
02639683,2358464,identity,0.75,True,rice,rice,-0.0055692988,0.86884147,0.8545541
02639683,2358464,identity,1.0,True,rice,rice,-0.0047787502,0.8679118,0.85358703
02655551,2354629,color,0.0,True,green,green,-0.33538222,0.46728507,0.45932558
02655551,2354629,color,0.25,True,green,green,-0.73822516,0.4923472,0.4785525
02655551,2354629,color,0.5,True,green,green,-0.5356089,0.47111148,0.45386446
02655551,2354629,color,0.75,False,purple,green,-1.728612,0.3869172,0.3812863
02655551,2354629,color,1.0,False,purple,green,-1.5109499,0.39934584,0.39636475
02965895,2384743,identity,0.0,True,shirt,shirt,-0.2347393,0.21454455,0.20946178
02965895,2384743,identity,0.25,True,shirt,shirt,-0.6099954,0.14025922,0.14138977
02965895,2384743,identity,0.5,True,shirt,shirt,-1.363865,0.11997982,0.12377442
02965895,2384743,identity,0.75,True,shirt,shirt,-1.1581296,0.08862929,0.09277064
02965895,2384743,identity,1.0,True,shirt,shirt,-1.271597,0.08587355,0.08965097
03101593,2384975,material,0.0,True,dresser,dresser,-0.30567893,0.26412964,0.27365473
03101593,2384975,material,0.25,True,dresser,dresser,-0.2073701,0.21799117,0.22509442
03101593,2384975,material,0.5,True,dresser,dresser,-0.09104187,0.18600118,0.19416459
03101593,2384975,material,0.75,True,dresser,dresser,-0.16408966,0.07984944,0.08614909
03101593,2384975,material,1.0,False,bed,dresser,-1.043952,0.14721553,0.15064844
03492559,2409876,identity,0.0,True,pumpkin,pumpkin,-0.014764113,0.3585442,0.38282505
03492559,2409876,identity,0.25,False,carrot,pumpkin,-0.14135063,0.29702798,0.31341195
03492559,2409876,identity,0.5,False,carrot,pumpkin,-0.22109142,0.27943507,0.30064154
03492559,2409876,identity,0.75,False,no vegetable,pumpkin,-0.8406594,0.38433203,0.38272744
03492559,2409876,identity,1.0,False,carrot,pumpkin,-0.7741025,0.40498695,0.40630457
03495642,2410346,color,0.0,False,brown,gray,-0.061934672,0.477709,0.5115471
03495642,2410346,color,0.25,False,brown,gray,-0.053539474,0.4175886,0.45259523
03495642,2410346,color,0.5,False,brown,gray,-0.42958918,0.37435123,0.3840373
03495642,2410346,color,0.75,False,white,gray,-0.3145352,0.48012635,0.465314
03495642,2410346,color,1.0,True,gray,gray,-0.8021316,0.47116953,0.43993577
03625313,1054,material,0.0,True,table,table,-0.20681015,0.33724338,0.34262538
03625313,1054,material,0.25,True,table,table,-0.27069864,0.33445397,0.3389782
03625313,1054,material,0.5,True,table,table,-0.4280524,0.31740627,0.32369277
03625313,1054,material,0.75,True,table,table,-0.21839617,0.32603368,0.32868937
03625313,1054,material,1.0,False,chair,table,-0.64890003,0.34869736,0.35293648
03716175,2387346,identity,0.0,False,black,gray,-0.60952467,0.5824291,0.5844979
03716175,2387346,identity,0.25,False,black,gray,-0.11580337,0.6001295,0.5905371
03716175,2387346,identity,0.5,False,black,gray,-0.25402045,0.54242,0.54061866
03716175,2387346,identity,0.75,False,black,gray,-0.09655862,0.6265621,0.61099726
03716175,2387346,identity,1.0,False,black,gray,-0.0878588,0.6279762,0.6130413
04104534,2319689,color,0.0,True,white,white,-0.03430245,0.64223087,0.6480287
04104534,2319689,color,0.25,True,white,white,-0.044786103,0.59526473,0.5970142
04104534,2319689,color,0.5,True,white,white,-0.042131677,0.59577334,0.591315
04104534,2319689,color,0.75,True,white,white,-0.022698237,0.64581954,0.63933897
04104534,2319689,color,1.0,True,white,white,-0.019337233,0.6338356,0.626132
04110778,2322532,shape,0.0,True,square,square,-0.23052837,0.375992,0.39596435
04110778,2322532,shape,0.25,True,square,square,-0.48611066,0.33686867,0.33948237
04110778,2322532,shape,0.5,True,square,square,-0.46935517,0.3500922,0.34351534
04110778,2322532,shape,0.75,True,square,square,-0.55246,0.30637386,0.299138
04110778,2322532,shape,1.0,True,square,square,-0.51397526,0.32504073,0.32187048
04132070,2326282,color,0.0,True,white,white,-0.15346663,0.5253758,0.5587214
04132070,2326282,color,0.25,True,white,white,-0.15496458,0.5067846,0.54028744
04132070,2326282,color,0.5,True,white,white,-0.14175922,0.49068972,0.5246095
04132070,2326282,color,0.75,True,white,white,-0.13767835,0.4962324,0.52948177
04132070,2326282,color,1.0,True,white,white,-0.14534675,0.48204085,0.5165718
04251940,2373119,shape,0.0,True,square,square,-0.1432087,0.5882661,0.5824572
04251940,2373119,shape,0.25,True,square,square,-0.10692607,0.56734717,0.55086654
04251940,2373119,shape,0.5,True,square,square,-0.48394865,0.3664417,0.37260023
04251940,2373119,shape,0.75,True,square,square,-0.5339544,0.36217558,0.36640757
04251940,2373119,shape,1.0,False,round,square,-0.69466776,0.3411924,0.34920925
04274699,2367475,color,0.0,True,white,white,-0.0016187434,0.86071354,0.8546092
04274699,2367475,color,0.25,True,white,white,-0.0015919643,0.8598004,0.8513175
04274699,2367475,color,0.5,True,white,white,-0.0013660395,0.8636308,0.85546064
04274699,2367475,color,0.75,True,white,white,-0.001657423,0.8614768,0.854323
04274699,2367475,color,1.0,True,white,white,-0.0012110288,0.8644811,0.8569155
04468135,1987,color,0.0,False,black,dark,-0.43236497,0.5606759,0.5556687
04468135,1987,color,0.25,False,black,dark,-0.34600452,0.5147132,0.493165
04468135,1987,color,0.5,False,black,dark,-0.7813074,0.4457485,0.40596706
04468135,1987,color,0.75,False,brown,dark,-0.5361768,0.42355052,0.36822823
04468135,1987,color,1.0,False,brown,dark,-0.5542606,0.361692,0.30744812
04706818,2378857,identity,0.0,True,bus,bus,-0.0071626073,0.88727826,0.8758178
04706818,2378857,identity,0.25,True,bus,bus,-0.019446786,0.85117507,0.83787656
04706818,2378857,identity,0.5,True,bus,bus,-0.0065394924,0.86717206,0.8539165
04706818,2378857,identity,0.75,True,bus,bus,-0.0062455004,0.8723146,0.85926074
04706818,2378857,identity,1.0,True,bus,bus,-0.0058852956,0.87659806,0.8649692
04819551,4912,identity,0.0,False,table,couch,-1.3647666,0.29346654,0.2953363
04819551,4912,identity,0.25,False,table,couch,-1.3516139,0.27399442,0.2761087
04819551,4912,identity,0.5,False,table,couch,-1.3107328,0.27070236,0.27287143
04819551,4912,identity,0.75,False,table,couch,-1.3413477,0.2764889,0.277908
04819551,4912,identity,1.0,False,table,couch,-1.2197144,0.28043017,0.28126112
04969151,2371677,color,0.0,True,white,white,-0.03492543,0.5570948,0.5614262
04969151,2371677,color,0.25,True,white,white,-0.24561764,0.4371634,0.43304938
04969151,2371677,color,0.5,True,white,white,-0.29507798,0.41747612,0.4059622
04969151,2371677,color,0.75,False,red,white,-0.8597164,0.4247627,0.38514072
04969151,2371677,color,1.0,True,white,white,-0.83370304,0.41769156,0.37860182
05179205,2388018,material,0.0,True,glass,glass,-0.09932501,0.5685709,0.5748092
05179205,2388018,material,0.25,True,glass,glass,-0.27609724,0.50228614,0.5143628
05179205,2388018,material,0.5,True,glass,glass,-0.29623893,0.49411908,0.50691134
05179205,2388018,material,0.75,True,glass,glass,-0.20938596,0.5059648,0.51840055
05179205,2388018,material,1.0,True,glass,glass,-0.26025182,0.495314,0.5079238
05199500,2413903,shape,0.0,False,rectangle,rectangular,-0.53141874,0.48632962,0.49596915
05199500,2413903,shape,0.25,False,rectangle,rectangular,-0.4978472,0.53432065,0.54271454
05199500,2413903,shape,0.5,False,rectangle,rectangular,-0.48855653,0.5141486,0.51779604
05199500,2413903,shape,0.75,False,square,rectangular,-0.7407912,0.43962833,0.4365866
05199500,2413903,shape,1.0,False,rectangle,rectangular,-0.49818343,0.35546282,0.3403233
0526849,2413799,identity,0.0,True,bear,bear,-0.012394427,0.60650873,0.65324724
0526849,2413799,identity,0.25,True,bear,bear,-0.0137044955,0.52227366,0.5781909
0526849,2413799,identity,0.5,True,bear,bear,-0.05084216,0.37251315,0.4377771
0526849,2413799,identity,0.75,True,bear,bear,-1.4089859,0.33307925,0.3509284
0526849,2413799,identity,1.0,True,bear,bear,-1.9195261,0.34580335,0.36592934
05454766,2354146,material,0.0,True,brick,brick,-0.3799651,0.73487395,0.7349442
05454766,2354146,material,0.25,True,brick,brick,-0.53511167,0.7393532,0.74124753
05454766,2354146,material,0.5,True,brick,brick,-0.3099159,0.715333,0.7072925
05454766,2354146,material,0.75,False,metal,brick,-0.9543041,0.5693388,0.55873895
05454766,2354146,material,1.0,False,metal,brick,-1.0876136,0.47866577,0.45137662
061006816,2343256,material,0.0,True,no,no,-0.007902784,0.8423813,0.84347904
061006816,2343256,material,0.25,True,no,no,-0.026724758,0.8373651,0.83771336
061006816,2343256,material,0.5,True,no,no,-0.010040374,0.8423652,0.8424937
061006816,2343256,material,0.75,True,no,no,-0.034070548,0.828711,0.8251408
061006816,2343256,material,1.0,True,no,no,-0.0625007,0.83364433,0.8303893
06121366,2388285,color,0.0,False,blue,silver,-0.044319555,0.62702006,0.63199055
06121366,2388285,color,0.25,False,black,silver,-0.709098,0.51716286,0.5185935
06121366,2388285,color,0.5,False,black,silver,-0.62420833,0.42521852,0.42128912
06121366,2388285,color,0.75,False,black,silver,-0.20923811,0.47496748,0.46269202
06121366,2388285,color,1.0,False,black,silver,-0.11597854,0.44319928,0.41905037
06183018,2395834,identity,0.0,False,truck,bed,-0.90308714,0.18436275,0.19031106
06183018,2395834,identity,0.25,False,truck,bed,-1.049923,0.19462284,0.20097364
06183018,2395834,identity,0.5,False,truck,bed,-0.75900495,0.180122,0.1846265
06183018,2395834,identity,0.75,False,truck,bed,-0.95776963,0.15785459,0.1624933
06183018,2395834,identity,1.0,False,truck,bed,-0.8320718,0.1872625,0.19115831
06435607,2317733,identity,0.0,False,sausage,hot dog,-0.83955663,0.5599418,0.5853829
06435607,2317733,identity,0.25,False,ketchup,hot dog,-0.7783869,0.5252454,0.5492311
06435607,2317733,identity,0.5,False,ketchup,hot dog,-0.50623006,0.53864735,0.557486
06435607,2317733,identity,0.75,False,ketchup,hot dog,-0.4437945,0.56146866,0.5800643
06435607,2317733,identity,1.0,False,ketchup,hot dog,-0.35277143,0.60739344,0.616394
06503451,2329386,material,0.0,True,small,small,-0.16312483,0.81166875,0.8077975
06503451,2329386,material,0.25,True,small,small,-0.20470235,0.8090853,0.80290973
06503451,2329386,material,0.5,True,small,small,-0.14499538,0.81720823,0.8102647
06503451,2329386,material,0.75,True,small,small,-0.08042176,0.81866163,0.8131728
06503451,2329386,material,1.0,True,small,small,-0.056107257,0.82106763,0.8170632
06519869,2406004,identity,0.0,False,toilet,heater,-0.08278989,0.27979314,0.28005683
06519869,2406004,identity,0.25,False,toilet,heater,-0.09156118,0.36148825,0.35411993
06519869,2406004,identity,0.5,False,toilet,heater,-0.16687332,0.3639517,0.35718623
06519869,2406004,identity,0.75,False,toilet,heater,-0.09985143,0.35086566,0.35480332
06519869,2406004,identity,1.0,False,toilet,heater,-0.06777123,0.34311652,0.34838068
06600330,2387492,identity,0.0,True,SUV,suv,-0.73201007,0.54411715,0.53831136
06600330,2387492,identity,0.25,False,minivan,suv,-0.55360484,0.61896014,0.60589737
06600330,2387492,identity,0.5,False,van,suv,-0.20009926,0.7423424,0.72853124
06600330,2387492,identity,0.75,False,van,suv,-0.3051271,0.6927308,0.6648359
06600330,2387492,identity,1.0,False,car,suv,-0.77851987,0.52191067,0.5046847
06774702,2349504,material,0.0,True,plastic,plastic,-0.06296464,0.63083184,0.60386735
06774702,2349504,material,0.25,True,plastic,plastic,-0.25165537,0.57132953,0.5273668
06774702,2349504,material,0.5,True,plastic,plastic,-0.15283422,0.48611462,0.4502834
06774702,2349504,material,0.75,True,plastic,plastic,-0.26279753,0.4896818,0.45220545
06774702,2349504,material,1.0,True,plastic,plastic,-0.3234952,0.39543143,0.36868742
0677905,2407766,material,0.0,True,porcelain,porcelain,-0.35761636,0.3973105,0.4081088
0677905,2407766,material,0.25,True,porcelain,porcelain,-0.35523012,0.37497535,0.38575932
0677905,2407766,material,0.5,False,ceramic,porcelain,-0.68365234,0.18656622,0.19944443
0677905,2407766,material,0.75,True,porcelain,porcelain,-0.5306117,0.14174315,0.14859977
0677905,2407766,material,1.0,True,porcelain,porcelain,-0.5335229,0.13651131,0.14300673
06805699,2354794,identity,0.0,True,black,black,-0.16457027,0.6843059,0.68946767
06805699,2354794,identity,0.25,True,black,black,-0.33900824,0.5763512,0.5828854
06805699,2354794,identity,0.5,True,black,black,-0.24267611,0.49112353,0.48009896
06805699,2354794,identity,0.75,True,black,black,-0.7269387,0.38492948,0.37971807
06805699,2354794,identity,1.0,True,black,black,-0.29282913,0.39628184,0.37701514
0699037,150543,material,0.0,False,wood,glass,-1.1383995,0.65911233,0.6574129
0699037,150543,material,0.25,False,wood,glass,-1.1510873,0.6413414,0.6415777
0699037,150543,material,0.5,False,wood,glass,-1.0249518,0.6313706,0.63349277
0699037,150543,material,0.75,False,wood,glass,-1.0159903,0.5976504,0.60634315
0699037,150543,material,1.0,False,wood,glass,-0.95704925,0.588414,0.5895722
07142526,2392341,shape,0.0,False,rectangle,rectangular,-0.4796011,0.47727314,0.4933879
07142526,2392341,shape,0.25,False,rectangle,rectangular,-0.6476893,0.49684802,0.49837855
07142526,2392341,shape,0.5,False,rectangle,rectangular,-0.57211363,0.4333771,0.43327144
07142526,2392341,shape,0.75,False,rectangle,rectangular,-0.5723469,0.474222,0.47503302
07142526,2392341,shape,1.0,False,rectangle,rectangular,-0.36348814,0.47332284,0.46768826
07604306,2373891,material,0.0,True,yes,yes,-0.015243697,0.8798058,0.8712774
07604306,2373891,material,0.25,True,yes,yes,-0.025105258,0.87331724,0.8641766
07604306,2373891,material,0.5,True,yes,yes,-0.12799291,0.86482793,0.8577614
07604306,2373891,material,0.75,True,yes,yes,-0.6341647,0.84349406,0.8345384
07604306,2373891,material,1.0,False,no,yes,-0.10170889,0.830858,0.8183496
07696704,2388377,identity,0.0,True,chair,chair,-0.34919092,0.45163393,0.47048816
07696704,2388377,identity,0.25,False,table,chair,-0.9250059,0.35596648,0.38111812
07696704,2388377,identity,0.5,False,table,chair,-0.63080424,0.32881302,0.3545594
07696704,2388377,identity,0.75,False,table,chair,-0.8598228,0.34350738,0.3706493
07696704,2388377,identity,1.0,False,table,chair,-0.961264,0.34815818,0.3766969
07732990,2329133,color,0.0,True,green,green,-0.082698315,0.4145378,0.43860176
07732990,2329133,color,0.25,True,green,green,-0.23358272,0.37897217,0.40620878
07732990,2329133,color,0.5,True,green,green,-0.3041418,0.38651124,0.41328698
07732990,2329133,color,0.75,True,green,green,-0.68785435,0.35436267,0.39051867
07732990,2329133,color,1.0,True,green,green,-0.57875025,0.320139,0.34942445
081005615,2391197,color,0.0,False,white,purple,-0.0072220215,0.72292143,0.7235759
081005615,2391197,color,0.25,False,white,purple,-0.0055735665,0.7068266,0.7035911
081005615,2391197,color,0.5,False,white,purple,-0.01555184,0.6375318,0.62654454
081005615,2391197,color,0.75,False,white,purple,-0.78665996,0.5593474,0.5239249
081005615,2391197,color,1.0,False,gray,purple,-0.4581349,0.43323258,0.40596023
081030138,2382268,identity,0.0,False,dress,coat,-0.6169453,0.32821816,0.33354625
081030138,2382268,identity,0.25,False,dress,coat,-0.7785318,0.28400758,0.29008248
081030138,2382268,identity,0.5,False,dress,coat,-1.0475034,0.27879936,0.28334904
081030138,2382268,identity,0.75,False,dress,coat,-0.5372722,0.25803366,0.25889125
081030138,2382268,identity,1.0,False,dress,coat,-0.3052234,0.2800303,0.28269178
08237593,2315465,color,0.0,True,black,black,-0.03349753,0.30604526,0.31543535
08237593,2315465,color,0.25,True,black,black,-0.32641143,0.27040055,0.28119963
08237593,2315465,color,0.5,True,black,black,-0.35606655,0.2577708,0.26527724
08237593,2315465,color,0.75,True,black,black,-0.3200419,0.23808016,0.2443917
08237593,2315465,color,1.0,True,black,black,-0.3713523,0.23680723,0.24066441
08249762,2386080,color,0.0,False,black,white,-0.90489334,0.58635515,0.5629751
08249762,2386080,color,0.25,False,black,white,-0.71742785,0.5706078,0.5425618
08249762,2386080,color,0.5,False,black,white,-0.51289904,0.5665621,0.5401808
08249762,2386080,color,0.75,False,black,white,-0.40387845,0.61043173,0.57934463
08249762,2386080,color,1.0,False,black,white,-0.39582065,0.6349331,0.60398453
08471223,2386203,color,0.0,True,pink,pink,-0.13136104,0.6304737,0.62791425
08471223,2386203,color,0.25,True,pink,pink,-0.521136,0.59417933,0.5945221
08471223,2386203,color,0.5,False,black,pink,-0.49054942,0.605397,0.5965072
08471223,2386203,color,0.75,False,black,pink,-0.1365178,0.65485847,0.64366174
08471223,2386203,color,1.0,False,black,pink,-0.14446087,0.65370834,0.6456417
08529419,2348614,material,0.0,False,white,gray,-0.6489718,0.68670887,0.693478
08529419,2348614,material,0.25,False,white,gray,-0.6362906,0.6870243,0.694339
08529419,2348614,material,0.5,False,white,gray,-0.6420811,0.6805452,0.6872745
08529419,2348614,material,0.75,False,white,gray,-0.677345,0.6824122,0.6898938
08529419,2348614,material,1.0,False,white,gray,-0.6006376,0.70566654,0.70893574
08621661,2344819,color,0.0,True,black,black,-1.1015761,0.5093322,0.5230609
08621661,2344819,color,0.25,False,silver,black,-1.2221062,0.4872324,0.49294496
08621661,2344819,color,0.5,False,gray,black,-1.2641317,0.5014958,0.50035286
08621661,2344819,color,0.75,False,gray,black,-1.0235755,0.5130906,0.51624405
08621661,2344819,color,1.0,False,gray,black,-0.11571949,0.56146866,0.5452931
08775086,2388994,shape,0.0,False,square,round,-0.29202855,0.49544892,0.5163749
08775086,2388994,shape,0.25,False,square,round,-0.18332195,0.55648077,0.5596191
08775086,2388994,shape,0.5,False,square,round,-0.18106095,0.62073135,0.6200478
08775086,2388994,shape,0.75,False,square,round,-1.0313852,0.41970274,0.4059576
08775086,2388994,shape,1.0,False,square,round,-1.2168741,0.4135938,0.40614972
08816090,2375806,identity,0.0,True,cabinet,cabinet,-0.11051895,0.26851556,0.2801598
08816090,2375806,identity,0.25,True,cabinet,cabinet,-0.20803553,0.26425177,0.2732522
08816090,2375806,identity,0.5,True,cabinet,cabinet,-0.18819095,0.25032306,0.26051116
08816090,2375806,identity,0.75,True,cabinet,cabinet,-0.19351843,0.27760008,0.28830475
08816090,2375806,identity,1.0,True,cabinet,cabinet,-0.17310727,0.26699394,0.27743918
08858518,2384518,identity,0.0,True,pancakes,pancakes,-0.32651258,0.6342423,0.6500174
08858518,2384518,identity,0.25,False,pancake,pancakes,-0.32282627,0.6406087,0.6540054
08858518,2384518,identity,0.5,False,pancake,pancakes,-0.35230592,0.6367046,0.65047884
08858518,2384518,identity,0.75,False,pancake,pancakes,-0.29398552,0.6335373,0.65026337
08858518,2384518,identity,1.0,False,pancake,pancakes,-0.29331398,0.62620425,0.6431825
08924895,2365711,shape,0.0,False,square,triangular,-1.3281624,0.084678724,0.0983309
08924895,2365711,shape,0.25,False,square,triangular,-1.5475893,0.086383045,0.08886618
08924895,2365711,shape,0.5,False,square,triangular,-1.1310916,0.14162405,0.13172838
08924895,2365711,shape,0.75,False,square,triangular,-1.1055037,0.14483228,0.13322762
08924895,2365711,shape,1.0,False,square,triangular,-1.0590694,0.15014246,0.13660978
0912046,2406404,material,0.0,True,bus,bus,-0.043470614,0.65271163,0.64800805
0912046,2406404,material,0.25,True,bus,bus,-0.022141399,0.692029,0.6827589
0912046,2406404,material,0.5,True,bus,bus,-0.049310077,0.6903929,0.6797128
0912046,2406404,material,0.75,False,truck,bus,-0.498945,0.5478443,0.5317887
0912046,2406404,material,1.0,False,car,bus,-0.48090678,0.45100752,0.42304796
09161863,2416885,identity,0.0,True,surfing,surfing,-0.037046425,0.16781712,0.19523878
09161863,2416885,identity,0.25,True,surfing,surfing,-0.014481255,0.16798986,0.19179656
09161863,2416885,identity,0.5,True,surfing,surfing,-0.0238921,0.15629545,0.17529237
09161863,2416885,identity,0.75,True,surfing,surfing,-0.03178386,0.089284115,0.10141017
09161863,2416885,identity,1.0,True,surfing,surfing,-0.08633779,0.074564084,0.07831419
09226921,713157,identity,0.0,True,white,white,-0.537951,0.6847502,0.6761511
09226921,713157,identity,0.25,True,white,white,-0.48421437,0.6416685,0.6415841
09226921,713157,identity,0.5,True,white,white,-0.44432062,0.66965234,0.66217273
09226921,713157,identity,0.75,True,white,white,-0.26352566,0.6899535,0.6752666
09226921,713157,identity,1.0,True,white,white,-0.2683732,0.6831229,0.66495955
09282266,2393663,identity,0.0,True,skirt,skirt,-0.04749774,0.4649553,0.44549677
09282266,2393663,identity,0.25,True,skirt,skirt,-0.04768102,0.45543203,0.4303467
09282266,2393663,identity,0.5,True,skirt,skirt,-0.1401421,0.43695432,0.4049571
09282266,2393663,identity,0.75,False,dress,skirt,-0.27264646,0.42327824,0.38305175
09282266,2393663,identity,1.0,False,dress,skirt,-0.9858117,0.3492917,0.3230045
09302219,2371685,color,0.0,False,blue,red,-0.6879681,0.57949173,0.5688819
09302219,2371685,color,0.25,True,red,red,-0.33554852,0.5385199,0.5340939
09302219,2371685,color,0.5,True,red,red,-0.6131251,0.45631215,0.45623755
09302219,2371685,color,0.75,True,red,red,-0.7883062,0.36962935,0.37954885
09302219,2371685,color,1.0,False,gray,red,-0.46245828,0.46140465,0.44742024
09743894,2315900,material,0.0,True,no,no,-0.0011104138,0.8351442,0.8327629
09743894,2315900,material,0.25,True,no,no,-0.0023456698,0.8288029,0.82529616
09743894,2315900,material,0.5,True,no,no,-0.0041141403,0.8328315,0.82935745
09743894,2315900,material,0.75,True,no,no,-0.0057762605,0.83224547,0.8282974
09743894,2315900,material,1.0,True,no,no,-0.018738275,0.846596,0.8435502
09937806,2348458,material,0.0,True,yes,yes,-0.0051110084,0.8758255,0.87299037
09937806,2348458,material,0.25,True,yes,yes,-0.034328483,0.86914134,0.86390585
09937806,2348458,material,0.5,True,yes,yes,-0.01872166,0.8687549,0.8626459
09937806,2348458,material,0.75,True,yes,yes,-0.007226164,0.8691891,0.8634385
09937806,2348458,material,1.0,True,yes,yes,-0.006376635,0.8764127,0.87188935
09961673,2381915,identity,0.0,False,bear,polar bear,-0.1548198,0.75130665,0.7837371
09961673,2381915,identity,0.25,False,bear,polar bear,-0.7553517,0.71565825,0.7562606
09961673,2381915,identity,0.5,False,whale,polar bear,-0.21096577,0.7382517,0.77318597
09961673,2381915,identity,0.75,False,elephant,polar bear,-0.8660623,0.5985039,0.63613623
09961673,2381915,identity,1.0,False,dog,polar bear,-1.7923169,0.550321,0.5761455
09993325,2373967,identity,0.0,False,hat,cap,-0.47969526,0.25626713,0.2617275
09993325,2373967,identity,0.25,False,hat,cap,-0.5671717,0.26311553,0.26640758
09993325,2373967,identity,0.5,False,hat,cap,-0.49611402,0.25556156,0.25673985
09993325,2373967,identity,0.75,False,hat,cap,-0.47810093,0.25006378,0.2507952
09993325,2373967,identity,1.0,False,hat,cap,-1.1527401,0.23332213,0.23374738
10204459,2380934,identity,0.0,False,black and white,black,-0.08458695,0.69997084,0.69646114
10204459,2380934,identity,0.25,False,black and white,black,-0.11887836,0.7231118,0.7141152
10204459,2380934,identity,0.5,False,black and white,black,-0.15117314,0.71115816,0.70116735
10204459,2380934,identity,0.75,False,black and white,black,-0.46310598,0.5229801,0.5026543
10204459,2380934,identity,1.0,False,black and white,black,-0.42440155,0.5238773,0.5018578
10222743,2395223,color,0.0,True,red,red,-0.32619578,0.4500342,0.45674372
10222743,2395223,color,0.25,True,red,red,-0.24207653,0.45670736,0.46044415
10222743,2395223,color,0.5,True,red,red,-0.2937852,0.43963152,0.44181234
10222743,2395223,color,0.75,True,red,red,-0.3248027,0.44047943,0.44147435
10222743,2395223,color,1.0,True,red,red,-0.47163823,0.4332224,0.43651515
10302229,2382646,color,0.0,True,black,black,-0.22084063,0.34564847,0.3766347
10302229,2382646,color,0.25,True,black,black,-0.34107104,0.29359633,0.31869844
10302229,2382646,color,0.5,True,black,black,-0.05778898,0.38591892,0.41021445
10302229,2382646,color,0.75,False,brown,black,-0.65827125,0.22032477,0.23972632
10302229,2382646,color,1.0,False,brown,black,-0.86799574,0.23587188,0.26471734
10324248,2408676,color,0.0,True,red,red,-0.21225253,0.6670599,0.6579575
10324248,2408676,color,0.25,True,red,red,-0.15929033,0.5943594,0.58283836
10324248,2408676,color,0.5,True,red,red,-0.084678285,0.5160692,0.4977402
10324248,2408676,color,0.75,False,gray,red,-0.82933855,0.2725689,0.24876344
10324248,2408676,color,1.0,False,black,red,-0.50504553,0.30856398,0.2881477
10433179,2367895,identity,0.0,True,bus,bus,-0.049875356,0.59182084,0.6051683
10433179,2367895,identity,0.25,True,bus,bus,-0.04764392,0.5941099,0.6037858
10433179,2367895,identity,0.5,True,bus,bus,-0.031626593,0.60726947,0.615089
10433179,2367895,identity,0.75,True,bus,bus,-0.018625952,0.455277,0.47018635
10433179,2367895,identity,1.0,True,bus,bus,-0.7909929,0.25650737,0.2441889
10558851,2391457,identity,0.0,True,yellow,yellow,-0.104053475,0.5942243,0.6263385
10558851,2391457,identity,0.25,True,yellow,yellow,-0.11953435,0.5765884,0.6008478
10558851,2391457,identity,0.5,True,yellow,yellow,-0.09870861,0.4212821,0.43632838
10558851,2391457,identity,0.75,False,gray,yellow,-0.3646568,0.2959919,0.27952
10558851,2391457,identity,1.0,False,gray,yellow,-0.5394456,0.2934316,0.27154163
10755150,2391950,material,0.0,False,jacket,pants,-0.43285546,0.13543276,0.14292568
10755150,2391950,material,0.25,False,jacket,pants,-0.45887026,0.13371,0.14052777
10755150,2391950,material,0.5,False,jacket,pants,-0.7252042,0.13515112,0.14313059
10755150,2391950,material,0.75,False,jacket,pants,-0.4341219,0.13140555,0.13770778
10755150,2391950,material,1.0,False,jacket,pants,-0.5090371,0.12992187,0.1361642
10956782,2361328,material,0.0,True,plastic,plastic,-0.30549732,0.3878785,0.38188854
10956782,2361328,material,0.25,False,cardboard,plastic,-0.5309112,0.34084907,0.32058713
10956782,2361328,material,0.5,False,cardboard,plastic,-0.38103813,0.3820489,0.35989386
10956782,2361328,material,0.75,False,cardboard,plastic,-0.57592255,0.35663256,0.33963582
10956782,2361328,material,1.0,True,plastic,plastic,-0.5107464,0.33699027,0.32410216
10983653,2342530,shape,0.0,False,rectangle,rectangular,-0.50701356,0.1681476,0.18595085
10983653,2342530,shape,0.25,False,square,rectangular,-0.77048814,0.16172324,0.17662543
10983653,2342530,shape,0.5,False,square,rectangular,-0.53073263,0.16816033,0.17509167
10983653,2342530,shape,0.75,False,square,rectangular,-0.5916701,0.17817381,0.18346187
10983653,2342530,shape,1.0,False,oval,rectangular,-0.83371836,0.17772728,0.1929197
111055030,2386495,color,0.0,False,brown,beige,-0.5821837,0.58009976,0.594381
111055030,2386495,color,0.25,False,brown,beige,-0.6884794,0.54226,0.56026983
111055030,2386495,color,0.5,False,brown,beige,-0.67760646,0.5352197,0.5502923
111055030,2386495,color,0.75,False,brown,beige,-0.70405143,0.5332486,0.54759717
111055030,2386495,color,1.0,False,brown,beige,-0.65114117,0.5483221,0.56331587
1116252,2407974,material,0.0,True,wood,wood,-0.5540322,0.648305,0.6571348
1116252,2407974,material,0.25,True,wood,wood,-0.5034058,0.6410729,0.64901847
1116252,2407974,material,0.5,True,wood,wood,-0.5372235,0.6202716,0.6265668
1116252,2407974,material,0.75,False,glass,wood,-0.54188216,0.5825542,0.58649397
1116252,2407974,material,1.0,False,glass,wood,-0.59241706,0.5076521,0.5046907
11392858,2377598,color,0.0,True,blue,blue,-0.0025026451,0.83728755,0.8194218
11392858,2377598,color,0.25,True,blue,blue,-0.0007223857,0.82860744,0.80424505
11392858,2377598,color,0.5,True,blue,blue,-0.00068331254,0.82832307,0.8036036
11392858,2377598,color,0.75,True,blue,blue,-0.00086448964,0.8212411,0.79553205
11392858,2377598,color,1.0,True,blue,blue,-0.00074132613,0.8200167,0.794041
11430770,2143,identity,0.0,True,car,car,-0.3154854,0.4833281,0.44427356
11430770,2143,identity,0.25,True,car,car,-0.41393968,0.42784077,0.39119795
11430770,2143,identity,0.5,True,car,car,-1.1381629,0.35161743,0.32309812
11430770,2143,identity,0.75,True,car,car,-1.380244,0.22710866,0.20506975
11430770,2143,identity,1.0,True,car,car,-2.3978279,0.095052525,0.08747962
1188149,2409685,color,0.0,False,blue and white,blue,-0.44223136,0.60319024,0.5894364
1188149,2409685,color,0.25,True,blue,blue,-0.21987972,0.5550488,0.53410125
1188149,2409685,color,0.5,True,blue,blue,-0.24514961,0.50252354,0.47928953
1188149,2409685,color,0.75,False,gray,blue,-0.65383095,0.35790324,0.3366914
1188149,2409685,color,1.0,False,gray,blue,-0.84929454,0.37021226,0.3355601
11985368,2386099,identity,0.0,False,shirt,dress,-0.6981543,0.52807146,0.5171057
11985368,2386099,identity,0.25,False,shirt,dress,-0.14429258,0.5121831,0.50161964
11985368,2386099,identity,0.5,False,shirt,dress,-0.12957127,0.47795096,0.46665236
11985368,2386099,identity,0.75,False,shirt,dress,-0.11984487,0.4773519,0.46637875
11985368,2386099,identity,1.0,False,shirt,dress,-0.12175144,0.4719184,0.46171916
121032292,2390282,material,0.0,True,vest,vest,-0.00075919414,0.848664,0.83922225
121032292,2390282,material,0.25,True,vest,vest,-0.00066413276,0.84351474,0.8326756
121032292,2390282,material,0.5,True,vest,vest,-0.15553024,0.76929176,0.76202846
121032292,2390282,material,0.75,False,man hat,vest,-0.26521724,0.7521887,0.74657995
121032292,2390282,material,1.0,False,man hat,vest,-0.096787155,0.755294,0.7518201
12140355,2359333,material,0.0,True,white,white,-0.032358352,0.6344907,0.6293103
12140355,2359333,material,0.25,True,white,white,-0.06875393,0.6210419,0.6151568
12140355,2359333,material,0.5,True,white,white,-0.8526774,0.5127973,0.510525
12140355,2359333,material,0.75,False,gray,white,-1.0634568,0.4475964,0.45115066
12140355,2359333,material,1.0,False,black,white,-0.6472551,0.2865795,0.2901473
12366048,2390293,identity,0.0,True,horse,horse,-0.12546003,0.7209551,0.7133659
12366048,2390293,identity,0.25,True,horse,horse,-0.09261798,0.6936649,0.69108653
12366048,2390293,identity,0.5,True,horse,horse,-0.21565373,0.6435872,0.64425826
12366048,2390293,identity,0.75,True,horse,horse,-0.48018104,0.52979475,0.51603734
12366048,2390293,identity,1.0,True,horse,horse,-0.34851834,0.5398263,0.5204413
12476717,4094,material,0.0,True,wood,wood,-0.06467658,0.38941774,0.3920427
12476717,4094,material,0.25,True,wood,wood,-0.308943,0.36505046,0.35587525
12476717,4094,material,0.5,True,wood,wood,-0.066258065,0.41044158,0.4180574
12476717,4094,material,0.75,True,wood,wood,-0.049227692,0.2699084,0.26997882
12476717,4094,material,1.0,True,wood,wood,-0.15177359,0.23345308,0.22014964
12588508,2323989,identity,0.0,True,black,black,-0.024386436,0.84386265,0.8247107
12588508,2323989,identity,0.25,True,black,black,-0.052487392,0.8119596,0.787673
12588508,2323989,identity,0.5,True,black,black,-0.03983075,0.7720652,0.7440012
12588508,2323989,identity,0.75,True,black,black,-0.1437607,0.73571897,0.70095307
12588508,2323989,identity,1.0,False,gray,black,-0.83255947,0.53450745,0.50128615
12953597,285868,identity,0.0,False,sweatshirt,jacket,-0.20224632,0.3529497,0.3532959
12953597,285868,identity,0.25,False,sweatshirt,jacket,-0.1858779,0.36849666,0.3677622
12953597,285868,identity,0.5,False,sweatshirt,jacket,-0.13847506,0.3952613,0.390844
12953597,285868,identity,0.75,False,sweatshirt,jacket,-0.11225494,0.37035868,0.36301333
12953597,285868,identity,1.0,False,sweatshirt,jacket,-0.121063344,0.33617225,0.33317608
1297276,2385826,identity,0.0,False,jacket,coat,-0.20020945,0.30644017,0.33458975
1297276,2385826,identity,0.25,False,jacket,coat,-0.46172005,0.17392054,0.19657506
1297276,2385826,identity,0.5,False,sweater,coat,-0.42107823,0.16106498,0.18098095
1297276,2385826,identity,0.75,False,jeans,coat,-0.88039166,0.119900055,0.12214153
1297276,2385826,identity,1.0,False,hat,coat,-1.372317,0.12363232,0.12708385
132554,2324466,color,0.0,True,black,black,-0.00013445904,0.8563029,0.84563774
132554,2324466,color,0.25,True,black,black,-0.00017057394,0.8512097,0.83994913
132554,2324466,color,0.5,True,black,black,-0.00034576637,0.8295638,0.8157543
132554,2324466,color,0.75,True,black,black,-0.00095715,0.82184094,0.80387825
132554,2324466,color,1.0,True,black,black,-0.001052898,0.82352656,0.80548567
13356863,2373271,identity,0.0,True,gray,gray,-0.21671923,0.5890316,0.5660343
13356863,2373271,identity,0.25,True,gray,gray,-0.14618704,0.53558606,0.5078954
13356863,2373271,identity,0.5,True,gray,gray,-0.34241202,0.51863855,0.48771396
13356863,2373271,identity,0.75,False,black,gray,-0.32831064,0.5380361,0.5033974
13356863,2373271,identity,1.0,False,black,gray,-0.7920302,0.3559363,0.34012797
13376811,2322673,identity,0.0,True,carriage,carriage,-0.048058655,0.59581923,0.6077048
13376811,2322673,identity,0.25,True,carriage,carriage,-0.06959404,0.5767102,0.5806402
13376811,2322673,identity,0.5,True,carriage,carriage,-0.15800396,0.45039323,0.45184645
13376811,2322673,identity,0.75,True,carriage,carriage,-0.067874946,0.45412156,0.4601724
13376811,2322673,identity,1.0,False,car,carriage,-0.32576495,0.29033133,0.28815868
13420243,2335072,material,0.0,True,chair,chair,-0.1444583,0.28473678,0.29991424
13420243,2335072,material,0.25,True,chair,chair,-0.47486123,0.22242056,0.2375549
13420243,2335072,material,0.5,False,table,chair,-0.40945035,0.19692814,0.21369192
13420243,2335072,material,0.75,False,table,chair,-0.58032626,0.21334814,0.23034468
13420243,2335072,material,1.0,False,table,chair,-0.34100237,0.20138268,0.2189536
13421344,2324093,color,0.0,True,white,white,-0.25746495,0.42811462,0.43853423
13421344,2324093,color,0.25,False,gray,white,-0.7308407,0.33299646,0.33054847
13421344,2324093,color,0.5,True,white,white,-0.8639431,0.34739006,0.35055375
13421344,2324093,color,0.75,False,brown,white,-1.2383094,0.2385476,0.24477825
13421344,2324093,color,1.0,False,brown,white,-1.2910912,0.23009175,0.2367814
13483094,2380691,color,0.0,True,black,black,-0.0028078437,0.8448133,0.83971804
13483094,2380691,color,0.25,True,black,black,-0.0017403708,0.8366581,0.8311838
13483094,2380691,color,0.5,True,black,black,-0.0019826295,0.83641136,0.8309557
13483094,2380691,color,0.75,True,black,black,-0.0012757981,0.8342104,0.82802796
13483094,2380691,color,1.0,True,black,black,-0.0015792291,0.83533466,0.82934374
13483129,2403364,identity,0.0,True,apple,apple,-0.28140312,0.7781832,0.7784271
13483129,2403364,identity,0.25,True,apple,apple,-0.37659815,0.8006725,0.795949
13483129,2403364,identity,0.5,True,apple,apple,-0.28191963,0.79105926,0.7879697
13483129,2403364,identity,0.75,True,apple,apple,-0.80515933,0.78630716,0.7823028
13483129,2403364,identity,1.0,False,cherry,apple,-0.49051565,0.7900043,0.7855243
13541187,2372439,identity,0.0,False,hat,outfit,-0.18459333,0.46474624,0.47404155
13541187,2372439,identity,0.25,False,hat,outfit,-0.09487087,0.51816475,0.527882
13541187,2372439,identity,0.5,False,hat,outfit,-0.0644277,0.5182273,0.53075224
13541187,2372439,identity,0.75,False,hat,outfit,-0.042946238,0.5351544,0.5499959
13541187,2372439,identity,1.0,False,hat,outfit,-0.0610077,0.4856298,0.5033792
13598461,2399127,identity,0.0,True,remote control,remote control,-0.40126765,0.2292282,0.24124661
13598461,2399127,identity,0.25,True,remote control,remote control,-0.35560977,0.22735633,0.23746793
13598461,2399127,identity,0.5,True,remote control,remote control,-0.60336596,0.2075295,0.21438213
13598461,2399127,identity,0.75,False,tv,remote control,-0.99574196,0.12504461,0.1342806
13598461,2399127,identity,1.0,False,tv,remote control,-1.003133,0.14174844,0.14802521
13637218,2320853,shape,0.0,False,rectangle,triangular,-1.1775742,0.40122584,0.41063043
13637218,2320853,shape,0.25,False,square,triangular,-1.0686454,0.4076385,0.41683692
13637218,2320853,shape,0.5,False,square,triangular,-1.1500533,0.3933348,0.40114263
13637218,2320853,shape,0.75,False,square,triangular,-1.2698588,0.38508844,0.39539558
13637218,2320853,shape,1.0,False,square,triangular,-0.929803,0.4211795,0.4302178
13764265,2401635,identity,0.0,False,white,gold,-0.4696741,0.4871225,0.48742592
13764265,2401635,identity,0.25,False,white,gold,-0.06280156,0.55857134,0.55061686
13764265,2401635,identity,0.5,False,white,gold,-0.07281095,0.5298016,0.5170532
13764265,2401635,identity,0.75,False,white,gold,-0.09313867,0.5506961,0.5365926
13764265,2401635,identity,1.0,False,white,gold,-0.10084707,0.5624334,0.5480009
13777356,2403093,material,0.0,True,yes,yes,-0.16149564,0.861791,0.8630642
13777356,2403093,material,0.25,True,yes,yes,-0.044150077,0.8557217,0.8562336
13777356,2403093,material,0.5,True,yes,yes,-0.015329047,0.85341626,0.85396194
13777356,2403093,material,0.75,True,yes,yes,-0.06315718,0.84544384,0.8450691
13777356,2403093,material,1.0,False,no,yes,-0.063835025,0.8114068,0.8046905
13810963,2402632,material,0.0,True,steel,steel,-0.08282978,0.74377006,0.71946293
13810963,2402632,material,0.25,True,steel,steel,-0.41677436,0.73126835,0.705319
13810963,2402632,material,0.5,True,steel,steel,-0.66772044,0.7220877,0.69252604
13810963,2402632,material,0.75,True,steel,steel,-0.7261106,0.717934,0.6880492
13810963,2402632,material,1.0,True,steel,steel,-0.4242271,0.72701836,0.6991181
13831014,2406789,identity,0.0,True,uniform,uniform,-0.47929186,0.36868703,0.3792288
13831014,2406789,identity,0.25,True,uniform,uniform,-0.7891582,0.39084187,0.3963667
13831014,2406789,identity,0.5,True,uniform,uniform,-0.7585288,0.39750946,0.40041474
13831014,2406789,identity,0.75,True,uniform,uniform,-1.0412803,0.37754223,0.3798082
13831014,2406789,identity,1.0,False,shirt,uniform,-1.4117494,0.36235482,0.34080267
13945801,2408291,identity,0.0,False,eating,standing,-0.61379343,0.64986265,0.6413432
13945801,2408291,identity,0.25,False,eating,standing,-0.6086316,0.6696357,0.6556056
13945801,2408291,identity,0.5,False,grazing,standing,-0.43647656,0.66967773,0.6544732
13945801,2408291,identity,0.75,False,eating,standing,-0.527205,0.6190989,0.60821193
13945801,2408291,identity,1.0,False,eating,standing,-0.5828671,0.6033569,0.5949011
141024691,2363539,shape,0.0,False,rectangle,rectangular,-0.5932053,0.37718546,0.4060831
141024691,2363539,shape,0.25,False,oval,rectangular,-1.2160491,0.33180106,0.36104175
141024691,2363539,shape,0.5,False,rectangle,rectangular,-0.2843282,0.5044768,0.522521
141024691,2363539,shape,0.75,False,rectangle,rectangular,-0.30153444,0.43051165,0.45097056
141024691,2363539,shape,1.0,False,rectangle,rectangular,-0.4342642,0.4218947,0.43450844
14144547,2324283,identity,0.0,False,motorcycle,car,-0.5912147,0.43039143,0.4307667
14144547,2324283,identity,0.25,False,motorcycle,car,-0.44204408,0.44989696,0.44772318
14144547,2324283,identity,0.5,False,motorcycle,car,-0.4437803,0.4299823,0.43097287
14144547,2324283,identity,0.75,False,motorcycle,car,-0.32006595,0.44842723,0.44159997
14144547,2324283,identity,1.0,False,motorcycle,car,-0.31095356,0.47641122,0.4679986
14223248,2395951,identity,0.0,True,lettuce,lettuce,-0.00933328,0.57151157,0.49773544
14223248,2395951,identity,0.25,True,lettuce,lettuce,-0.039642073,0.66079503,0.59291744
14223248,2395951,identity,0.5,True,lettuce,lettuce,-0.019549144,0.6534962,0.58167964
14223248,2395951,identity,0.75,True,lettuce,lettuce,-0.13430066,0.558645,0.48179457
14223248,2395951,identity,1.0,True,lettuce,lettuce,-0.3149799,0.28371707,0.24113566
1425112,2404639,material,0.0,True,wood,wood,-0.07071436,0.2083104,0.24742295
1425112,2404639,material,0.25,True,wood,wood,-0.033281352,0.21327671,0.24088931
1425112,2404639,material,0.5,True,wood,wood,-0.032023598,0.24584094,0.27068275
1425112,2404639,material,0.75,True,wood,wood,-0.042870753,0.23564109,0.25882798
1425112,2404639,material,1.0,True,wood,wood,-0.028442098,0.2165532,0.23507895
14270377,2366508,material,0.0,True,metal,metal,-0.5418765,0.44134644,0.46053004
14270377,2366508,material,0.25,True,metal,metal,-0.57896626,0.467584,0.4828589
14270377,2366508,material,0.5,True,metal,metal,-0.43190113,0.3715963,0.38316596
14270377,2366508,material,0.75,True,metal,metal,-0.59448755,0.23884952,0.23619954
14270377,2366508,material,1.0,True,metal,metal,-0.7549412,0.23962122,0.23537055
14354734,2391318,identity,0.0,False,catching frisbee,running,-0.21164204,0.12880784,0.13064915
14354734,2391318,identity,0.25,False,playing frisbee,running,-0.28471336,0.104938865,0.10714623
14354734,2391318,identity,0.5,False,playing frisbee,running,-0.29006878,0.10164101,0.104704425
14354734,2391318,identity,0.75,False,playing frisbee,running,-0.25844783,0.0999589,0.103647575
14354734,2391318,identity,1.0,False,playing frisbee,running,-0.24690954,0.10856453,0.11392055
14451054,2402483,color,0.0,False,green,gray,-0.92038506,0.304505,0.27829224
14451054,2402483,color,0.25,False,red,gray,-1.0243386,0.2583032,0.23431107
14451054,2402483,color,0.5,False,green,gray,-0.91147405,0.2481748,0.22696704
14451054,2402483,color,0.75,False,yellow,gray,-0.7175394,0.2165309,0.20359817
14451054,2402483,color,1.0,False,green,gray,-0.76966876,0.23352452,0.211193
14696378,2401700,color,0.0,True,yellow,yellow,-0.43105596,0.4851841,0.51840574
14696378,2401700,color,0.25,True,yellow,yellow,-0.47225082,0.47049078,0.49439374
14696378,2401700,color,0.5,True,yellow,yellow,-0.6288729,0.48612592,0.5066106
14696378,2401700,color,0.75,False,white,yellow,-0.73139286,0.46680468,0.48349547
14696378,2401700,color,1.0,False,white,yellow,-0.66764295,0.4405667,0.4469904
14705211,2371481,identity,0.0,False,DOLL CLOTHES,doll,-0.29742107,0.52977574,0.5652812
14705211,2371481,identity,0.25,False,doll clothes,doll,-0.5959161,0.48483896,0.502009
14705211,2371481,identity,0.5,False,doll clothes,doll,-0.5426437,0.49089718,0.50681204
14705211,2371481,identity,0.75,False,doll clothes,doll,-0.4039743,0.48973477,0.50231904
14705211,2371481,identity,1.0,False,doll clothes,doll,-0.35308117,0.49712852,0.5092066
14803789,2318376,material,0.0,True,no,no,-0.006420698,0.8246387,0.82349163
14803789,2318376,material,0.25,True,no,no,-0.0095307585,0.81516224,0.813238
14803789,2318376,material,0.5,True,no,no,-0.0094960425,0.81892824,0.8178621
14803789,2318376,material,0.75,True,no,no,-0.0053847036,0.81163627,0.8106399
14803789,2318376,material,1.0,True,no,no,-0.005954503,0.8103509,0.80942
15283508,2367181,identity,0.0,False,shirt,uniform,-0.54015124,0.6133597,0.614431
15283508,2367181,identity,0.25,False,shirt,uniform,-0.6940301,0.6248305,0.6272996
15283508,2367181,identity,0.5,False,shirt,uniform,-0.4684962,0.6001077,0.60204685
15283508,2367181,identity,0.75,False,shirt,uniform,-0.1518168,0.5555642,0.5589843
15283508,2367181,identity,1.0,False,shirt,uniform,-0.08065008,0.49802923,0.5097282
15284589,2367184,identity,0.0,True,checkered,checkered,-0.17791185,0.6621766,0.6602001
15284589,2367184,identity,0.25,True,checkered,checkered,-0.16391689,0.6324884,0.6350124
15284589,2367184,identity,0.5,True,checkered,checkered,-0.3179837,0.48849705,0.49181354
15284589,2367184,identity,0.75,True,checkered,checkered,-0.2856029,0.5067461,0.50184965
15284589,2367184,identity,1.0,True,checkered,checkered,-0.30181298,0.50617594,0.50721794
15569549,2369303,material,0.0,True,no,no,-0.6948433,0.85284334,0.8479504
15569549,2369303,material,0.25,True,no,no,-0.38883263,0.8529435,0.8467321
15569549,2369303,material,0.5,True,no,no,-0.22750491,0.84684795,0.84067667
15569549,2369303,material,0.75,True,no,no,-0.20336409,0.84858227,0.84232235
15569549,2369303,material,1.0,True,no,no,-0.22746864,0.8459636,0.839699
15586319,2352617,material,0.0,True,leather,leather,-0.77953535,0.63961315,0.6239566
15586319,2352617,material,0.25,True,leather,leather,-0.73354095,0.69449395,0.66448706
15586319,2352617,material,0.5,False,cloth,leather,-1.4175087,0.6819455,0.6438744
15586319,2352617,material,0.75,False,cloth,leather,-1.6081693,0.60179037,0.56545687
15586319,2352617,material,1.0,False,cloth,leather,-1.5679444,0.60030806,0.5634685
15599995,2390229,color,0.0,True,white,white,-0.03661428,0.78999746,0.783296
15599995,2390229,color,0.25,True,white,white,-0.05345382,0.7669988,0.75674886
15599995,2390229,color,0.5,True,white,white,-0.045533586,0.76748604,0.75232077
15599995,2390229,color,0.75,True,white,white,-0.29531223,0.6638601,0.6454273
15599995,2390229,color,1.0,False,black,white,-0.7299951,0.533296,0.51744795
15700256,2387817,material,0.0,True,black,black,-0.0038045896,0.80162543,0.79960203
15700256,2387817,material,0.25,True,black,black,-0.0058163204,0.7886423,0.7869059
15700256,2387817,material,0.5,True,black,black,-0.07296766,0.7449946,0.7448121
15700256,2387817,material,0.75,True,black,black,-0.7024669,0.67223644,0.6734553
15700256,2387817,material,1.0,True,black,black,-0.58522975,0.68739593,0.6833446
15813958,2353354,material,0.0,True,porcelain,porcelain,-0.19014283,0.62102336,0.6181429
15813958,2353354,material,0.25,True,porcelain,porcelain,-0.19862843,0.5114239,0.50675297
15813958,2353354,material,0.5,True,porcelain,porcelain,-0.24784435,0.35415107,0.35439897
15813958,2353354,material,0.75,True,porcelain,porcelain,-0.22413927,0.2607222,0.25719354
15813958,2353354,material,1.0,False,wood,porcelain,-1.1110531,0.15100464,0.14439116
15975535,2392397,material,0.0,False,table,coffee table,-0.35367265,0.36936536,0.39073935
15975535,2392397,material,0.25,False,table,coffee table,-0.35566694,0.37994295,0.39854664
15975535,2392397,material,0.5,False,table,coffee table,-0.55813265,0.31368557,0.33332485
15975535,2392397,material,0.75,False,end table,coffee table,-0.5942402,0.2374462,0.25561163
15975535,2392397,material,1.0,False,couch,coffee table,-0.7594788,0.26580706,0.2855932
161036612,2368963,color,0.0,False,purple,blue,-1.3388292,0.36956474,0.39671728
161036612,2368963,color,0.25,True,blue,blue,-1.3382932,0.36959243,0.38693413
161036612,2368963,color,0.5,True,blue,blue,-1.1687669,0.40376756,0.4160879
161036612,2368963,color,0.75,True,blue,blue,-1.3248159,0.40699002,0.41181868
161036612,2368963,color,1.0,False,purple,blue,-1.2906876,0.36365026,0.37389693
161037470,2342838,color,0.0,False,silver,white,-0.50044245,0.5601749,0.55992097
161037470,2342838,color,0.25,False,silver,white,-0.2851347,0.55596846,0.55262583
161037470,2342838,color,0.5,False,silver,white,-0.24584281,0.5438839,0.54164326
161037470,2342838,color,0.75,True,white,white,-0.3649196,0.49082434,0.49456728
161037470,2342838,color,1.0,True,white,white,-0.025817873,0.5529228,0.5574909
16161462,2376280,color,0.0,True,black,black,-0.116311066,0.2921316,0.30719283
16161462,2376280,color,0.25,True,black,black,-0.067145295,0.31224057,0.32389653
16161462,2376280,color,0.5,False,pink,black,-0.5290967,0.31191298,0.32622695
16161462,2376280,color,0.75,False,pink,black,-1.2182214,0.31085414,0.32883015
16161462,2376280,color,1.0,False,pink,black,-0.68748075,0.30620188,0.3244465
1616401,2321508,identity,0.0,True,white,white,-0.071121015,0.65228164,0.6465356
1616401,2321508,identity,0.25,True,white,white,-0.021797607,0.6483772,0.63330317
1616401,2321508,identity,0.5,True,white,white,-0.034714516,0.5538482,0.5323351
1616401,2321508,identity,0.75,True,white,white,-0.024361888,0.639833,0.6038107
1616401,2321508,identity,1.0,True,white,white,-0.7933185,0.2492885,0.25215665
16184856,2356100,identity,0.0,True,zebra,zebra,-0.022246527,0.7143667,0.70173174
16184856,2356100,identity,0.25,True,zebra,zebra,-0.03339122,0.70622617,0.69226575
16184856,2356100,identity,0.5,True,zebra,zebra,-0.05746982,0.65443337,0.6435878
16184856,2356100,identity,0.75,True,zebra,zebra,-0.03519097,0.65898585,0.64243007
16184856,2356100,identity,1.0,True,zebra,zebra,-0.042741124,0.6774957,0.65701807
16652947,2417941,material,0.0,True,yes,yes,-0.0087231295,0.88020897,0.8804747
16652947,2417941,material,0.25,True,yes,yes,-0.009894374,0.8701491,0.8698166
16652947,2417941,material,0.5,True,yes,yes,-0.020719748,0.8703749,0.8708452
16652947,2417941,material,0.75,True,yes,yes,-0.1801797,0.8706829,0.87041163
16652947,2417941,material,1.0,False,no,yes,-0.57992136,0.84598637,0.83743095
16747825,2350808,identity,0.0,True,wetsuit,wetsuit,-0.2491983,0.6147714,0.600845
16747825,2350808,identity,0.25,True,wetsuit,wetsuit,-0.15887287,0.5568589,0.5416367
16747825,2350808,identity,0.5,True,wetsuit,wetsuit,-0.15952423,0.52271557,0.50896907
16747825,2350808,identity,0.75,True,wetsuit,wetsuit,-0.13434714,0.5044933,0.4929269
16747825,2350808,identity,1.0,False,shorts,wetsuit,-0.8625743,0.34937647,0.34072766
16922097,2378471,color,0.0,True,gray,gray,-0.08813936,0.26365277,0.3038762
16922097,2378471,color,0.25,True,gray,gray,-0.12798032,0.2725757,0.30928475
16922097,2378471,color,0.5,True,gray,gray,-0.15857176,0.2830931,0.31821072
16922097,2378471,color,0.75,True,gray,gray,-0.34086233,0.25348738,0.28608653
16922097,2378471,color,1.0,True,gray,gray,-0.27670828,0.26281396,0.3006583
17134462,2404079,identity,0.0,True,purple,purple,-0.14917369,0.46567914,0.48166117
17134462,2404079,identity,0.25,True,purple,purple,-0.2610238,0.4297344,0.45091805
17134462,2404079,identity,0.5,True,purple,purple,-0.39087912,0.42833427,0.4497223
17134462,2404079,identity,0.75,True,purple,purple,-0.49380592,0.41190568,0.43567127
17134462,2404079,identity,1.0,True,purple,purple,-0.88003546,0.4030491,0.4276711
17184616,4290,material,0.0,True,glass,glass,-0.031096665,0.6371235,0.6561874
17184616,4290,material,0.25,True,glass,glass,-0.035234705,0.59053695,0.60859805
17184616,4290,material,0.5,True,glass,glass,-0.38500613,0.46111724,0.4667454
17184616,4290,material,0.75,False,wood,glass,-0.12945166,0.45069823,0.44115713
17184616,4290,material,1.0,False,wood,glass,-0.12498378,0.43730047,0.42633757
17397322,2343353,color,0.0,False,green,black,-0.19028862,0.5503352,0.55034834
17397322,2343353,color,0.25,True,black,black,-0.61073864,0.4729583,0.4640536
17397322,2343353,color,0.5,False,green,black,-0.24477573,0.3677262,0.3631195
17397322,2343353,color,0.75,True,black,black,-1.1243646,0.368367,0.35954478
17397322,2343353,color,1.0,True,black,black,-0.7369347,0.2781899,0.27473122
17444087,2371945,color,0.0,False,beige,tan,-0.8350534,0.48467177,0.51840925
17444087,2371945,color,0.25,False,white,tan,-0.6298944,0.43617284,0.46609065
17444087,2371945,color,0.5,False,brown,tan,-1.2986776,0.3339789,0.35271713
17444087,2371945,color,0.75,False,black,tan,-0.9696459,0.2740789,0.26983416
17444087,2371945,color,1.0,False,blue,tan,-0.47632587,0.46916762,0.43945026
17468425,2346705,color,0.0,True,gray,gray,-0.07609213,0.32799196,0.3760954
17468425,2346705,color,0.25,True,gray,gray,-0.079049475,0.27640945,0.3233437
17468425,2346705,color,0.5,True,gray,gray,-0.50273055,0.22389802,0.26611805
17468425,2346705,color,0.75,False,brown,gray,-0.6472861,0.204527,0.24649546
17468425,2346705,color,1.0,False,brown,gray,-0.18001452,0.22577478,0.27168363
17726086,2349040,material,0.0,True,no,no,-0.004734378,0.8620286,0.8633977
17726086,2349040,material,0.25,True,no,no,-0.0338742,0.85590565,0.8568012
17726086,2349040,material,0.5,True,no,no,-0.07934397,0.851152,0.85106903
17726086,2349040,material,0.75,True,no,no,-0.57710695,0.8399074,0.8401387
17726086,2349040,material,1.0,True,no,no,-0.47503775,0.8431038,0.84180504
17877969,2326665,identity,0.0,True,peas,peas,-0.099054635,0.68083686,0.67346114
17877969,2326665,identity,0.25,True,peas,peas,-0.09999246,0.66812885,0.6586815
17877969,2326665,identity,0.5,True,peas,peas,-0.13077053,0.6417217,0.62524414
17877969,2326665,identity,0.75,True,peas,peas,-0.15219176,0.6445018,0.62820816
17877969,2326665,identity,1.0,True,peas,peas,-0.20708464,0.61565816,0.59160554
17888876,2387990,shape,0.0,True,square,square,-0.085582815,0.4737629,0.4909951
17888876,2387990,shape,0.25,True,square,square,-0.05821296,0.5129728,0.52255315
17888876,2387990,shape,0.5,True,square,square,-0.08321071,0.44873014,0.46479258
17888876,2387990,shape,0.75,True,square,square,-0.11201333,0.42764613,0.44517013
17888876,2387990,shape,1.0,True,square,square,-0.17863353,0.3892174,0.40929312
17954994,2355312,color,0.0,True,black,black,-0.032990735,0.6523839,0.6361265
17954994,2355312,color,0.25,True,black,black,-0.029989803,0.61881274,0.5972314
17954994,2355312,color,0.5,True,black,black,-0.0875892,0.53420657,0.51490283
17954994,2355312,color,0.75,True,black,black,-0.71589947,0.35096782,0.33304676
17954994,2355312,color,1.0,False,blue,black,-1.3831774,0.29337034,0.27983844
181061102,2337884,identity,0.0,False,STOP,stop sign,-0.22060347,0.52206326,0.52627414
181061102,2337884,identity,0.25,False,STOP,stop sign,-0.3930394,0.45640734,0.45314658
181061102,2337884,identity,0.5,False,STOP,stop sign,-0.7142116,0.46036455,0.455214
181061102,2337884,identity,0.75,False,stop,stop sign,-0.7547696,0.42373362,0.4221139
181061102,2337884,identity,1.0,False,stop,stop sign,-0.58999723,0.46232736,0.4547673
18175256,2382716,identity,0.0,False,eating,talking,-0.670948,0.26340562,0.2618453
18175256,2382716,identity,0.25,False,eating,talking,-0.5862099,0.28460988,0.28163087
18175256,2382716,identity,0.5,False,eating,talking,-0.6216729,0.28849015,0.28636575
18175256,2382716,identity,0.75,False,eating,talking,-0.8037402,0.28678036,0.28440672
18175256,2382716,identity,1.0,False,eating,talking,-0.63488245,0.30200112,0.29889095
18192074,2359926,identity,0.0,False,tan,khaki,-1.4902285,0.55938476,0.5953142
18192074,2359926,identity,0.25,False,white,khaki,-1.4570175,0.56689423,0.59760684
18192074,2359926,identity,0.5,False,black,khaki,-1.1784843,0.54357505,0.56357193
18192074,2359926,identity,0.75,False,blue,khaki,-0.8100618,0.6744259,0.6673016
18192074,2359926,identity,1.0,False,black,khaki,-0.45046058,0.6981075,0.687449
18252583,2406434,color,0.0,True,red,red,-0.19062306,0.65134376,0.644145
18252583,2406434,color,0.25,True,red,red,-0.1275762,0.664241,0.65395594
18252583,2406434,color,0.5,True,red,red,-0.15215586,0.56434804,0.5528819
18252583,2406434,color,0.75,False,gray,red,-0.9906524,0.3415666,0.337762
18252583,2406434,color,1.0,False,gray,red,-0.82845557,0.32767847,0.3110094
1827566,2321180,identity,0.0,True,black,black,-0.36727464,0.61387175,0.6241546
1827566,2321180,identity,0.25,True,black,black,-0.048444238,0.5694786,0.5818717
1827566,2321180,identity,0.5,True,black,black,-0.2298957,0.49427792,0.49934366
1827566,2321180,identity,0.75,True,black,black,-0.52166617,0.496779,0.4961818
1827566,2321180,identity,1.0,True,black,black,-0.4188968,0.52226436,0.5213327
18281934,2358172,color,0.0,True,black,black,-0.4072469,0.47984114,0.4872136
18281934,2358172,color,0.25,True,black,black,-0.24925572,0.4866595,0.4872043
18281934,2358172,color,0.5,True,black,black,-0.18497783,0.48291755,0.46563065
18281934,2358172,color,0.75,True,black,black,-0.123253055,0.466523,0.45684958
18281934,2358172,color,1.0,False,white,black,-0.5155037,0.44810745,0.4294229
18503824,498069,color,0.0,True,Blue,blue,-0.7132056,0.5070299,0.5144127
18503824,498069,color,0.25,True,blue,blue,-0.49923167,0.47358018,0.4819075
18503824,498069,color,0.5,True,blue,blue,-0.46106333,0.40884903,0.40825796
18503824,498069,color,0.75,True,blue,blue,-0.935687,0.31233338,0.31122845
18503824,498069,color,1.0,False,red,blue,-1.6951485,0.280214,0.28573865
18546994,2366467,material,0.0,False,ceramic,wood,-0.10984159,0.85974926,0.8627721
18546994,2366467,material,0.25,False,ceramic,wood,-0.146475,0.8570721,0.8584871
18546994,2366467,material,0.5,False,ceramic,wood,-0.14640054,0.85318863,0.8542731
18546994,2366467,material,0.75,False,ceramic,wood,-0.17057133,0.86363095,0.86353743
18546994,2366467,material,1.0,False,ceramic,wood,-0.1371294,0.8486043,0.8496808
18717754,2364364,material,0.0,False,wood,glass,-0.6536185,0.31696174,0.3381931
18717754,2364364,material,0.25,False,metal,glass,-0.73796827,0.2581769,0.27453938
18717754,2364364,material,0.5,False,wood,glass,-0.18727666,0.18985301,0.20426849
18717754,2364364,material,0.75,False,wood,glass,-0.268828,0.16650094,0.17172156
18717754,2364364,material,1.0,False,wood,glass,-0.66742545,0.20788041,0.19569425
187362,2374944,identity,0.0,True,shirt,shirt,-0.004345736,0.6252182,0.61814386
187362,2374944,identity,0.25,True,shirt,shirt,-0.003976416,0.615646,0.60812545
187362,2374944,identity,0.5,True,shirt,shirt,-0.0049990425,0.6082595,0.60239536
187362,2374944,identity,0.75,True,shirt,shirt,-0.003891872,0.6190843,0.6117168
187362,2374944,identity,1.0,True,shirt,shirt,-0.0037914074,0.6332159,0.62595445
18874420,2403581,color,0.0,True,brown,brown,-0.33841556,0.44615233,0.44905356
18874420,2403581,color,0.25,True,brown,brown,-0.30417055,0.43078157,0.43293467
18874420,2403581,color,0.5,True,brown,brown,-0.3689336,0.42530444,0.42125222
18874420,2403581,color,0.75,True,brown,brown,-0.3001439,0.39399698,0.3867374
18874420,2403581,color,1.0,True,brown,brown,-0.31470492,0.36968222,0.3663819
18922746,2358811,identity,0.0,False,bike,van,-0.6091975,0.5354248,0.53823924
18922746,2358811,identity,0.25,False,bike,van,-0.80610615,0.56594145,0.56214607
18922746,2358811,identity,0.5,False,bike,van,-0.75999725,0.5053125,0.5070697
18922746,2358811,identity,0.75,False,bike,van,-0.6713662,0.5527343,0.54891664
18922746,2358811,identity,1.0,False,bike,van,-1.0698919,0.5041,0.49971122
19273561,2410351,color,0.0,True,silver,silver,-0.00024458754,0.8961891,0.88375705
19273561,2410351,color,0.25,True,silver,silver,-0.00022825974,0.8939157,0.88154644
19273561,2410351,color,0.5,True,silver,silver,-0.00019155098,0.8919047,0.88001573
19273561,2410351,color,0.75,True,silver,silver,-0.00020132422,0.8918943,0.87981117
19273561,2410351,color,1.0,True,silver,silver,-0.00021443452,0.8889696,0.8766217
19315625,2381993,shape,0.0,True,round,round,-0.45693058,0.22896947,0.26771194
19315625,2381993,shape,0.25,True,round,round,-0.36184245,0.21562655,0.25105283
19315625,2381993,shape,0.5,False,rectangle,round,-0.46907905,0.3227621,0.3307274
19315625,2381993,shape,0.75,False,rectangle,round,-0.4128047,0.31812093,0.32335162
19315625,2381993,shape,1.0,False,rectangle,round,-0.5457195,0.295404,0.30788332
19351376,2383947,identity,0.0,True,soup,soup,-1.3145549,0.6005001,0.6133414
19351376,2383947,identity,0.25,True,soup,soup,-0.9105064,0.61280024,0.6222445
19351376,2383947,identity,0.5,True,soup,soup,-0.37081566,0.5019498,0.51666254
19351376,2383947,identity,0.75,True,soup,soup,-1.845783,0.35500687,0.36949903
19351376,2383947,identity,1.0,False,coffee,soup,-1.5763555,0.36569822,0.36430115
19388466,2325119,color,0.0,True,brown,brown,-0.00017403041,0.8155704,0.81168115
19388466,2325119,color,0.25,True,brown,brown,-0.0004749362,0.7985897,0.7936644
19388466,2325119,color,0.5,True,brown,brown,-0.0007750368,0.7821429,0.77690613
19388466,2325119,color,0.75,True,brown,brown,-0.00057871285,0.7562118,0.75407636
19388466,2325119,color,1.0,True,brown,brown,-0.0013412775,0.73603064,0.73444104
19417601,2390215,identity,0.0,True,hat,hat,-0.14933972,0.21765321,0.21809733
19417601,2390215,identity,0.25,True,hat,hat,-0.46265286,0.1871183,0.18708017
19417601,2390215,identity,0.5,False,shirt,hat,-1.4308,0.21399082,0.21778129
19417601,2390215,identity,0.75,False,shirt,hat,-1.2826438,0.21730901,0.22095615
19417601,2390215,identity,1.0,False,shirt,hat,-1.2238257,0.215858,0.22006434
19425852,2342045,identity,0.0,True,orange,orange,-0.026353974,0.58522236,0.6067126
19425852,2342045,identity,0.25,True,orange,orange,-0.023736946,0.5868423,0.6068387
19425852,2342045,identity,0.5,True,orange,orange,-0.03152992,0.5867489,0.606968
19425852,2342045,identity,0.75,True,orange,orange,-0.058866747,0.50658286,0.5259474
19425852,2342045,identity,1.0,False,apple,orange,-1.2208436,0.40300807,0.41610464
19443493,2378689,identity,0.0,False,crouching,waiting,-0.71207553,0.18486659,0.19399779
19443493,2378689,identity,0.25,False,sitting,waiting,-0.98729336,0.16805904,0.17533411
19443493,2378689,identity,0.5,False,sitting,waiting,-0.85328656,0.210196,0.2091467
19443493,2378689,identity,0.75,False,sitting,waiting,-0.9309931,0.22761258,0.21727471
19443493,2378689,identity,1.0,False,sitting,waiting,-0.8949544,0.24818273,0.24030876
19648772,2415698,identity,0.0,False,yellow,tan,-1.2575275,0.36371943,0.4097836
19648772,2415698,identity,0.25,False,black,tan,-1.0535376,0.3738439,0.40525854
19648772,2415698,identity,0.5,False,black,tan,-1.0569949,0.3822305,0.39889902
19648772,2415698,identity,0.75,False,black,tan,-1.1513473,0.4021305,0.41496265
19648772,2415698,identity,1.0,False,black,tan,-1.1671561,0.41586697,0.4292928
19803395,2330010,identity,0.0,False,red,pink,-0.43405446,0.5952543,0.59448504
19803395,2330010,identity,0.25,False,orange,pink,-0.5846299,0.42141727,0.41807392
19803395,2330010,identity,0.5,False,red,pink,-1.0157465,0.38973805,0.3659087
19803395,2330010,identity,0.75,False,orange,pink,-0.76907814,0.41802725,0.39634556
19803395,2330010,identity,1.0,False,red,pink,-1.0038881,0.43775958,0.3990669
