delta_emvr,delta_auroc,delta_aurc,delta_brier
-0.08238636363636365,0.007235950153497761,-0.021411707872823593,-0.01889521236647479
-0.05539772727272724,0.005288012454592539,-0.014202319273733832,-0.005996160189030986
-0.05539772727272729,-0.0077242231638418035,0.006592311663883299,-0.006445347048490591
-0.06392045454545453,0.03267629496477198,-0.03602593805477733,-0.020093981660454174
-0.06818181818181818,0.0025316455696201556,-0.014026623424319817,-0.011446427561850492
-0.04971590909090906,0.010166684835365647,-0.008494861908151075,-0.0011968681311564366
-0.058238636363636354,0.039758369979175257,-0.02853040878440971,-0.04304121442143671
-0.06107954545454547,0.015880323427313492,-0.004956110572367778,-0.024678125684917174
-0.04545454545454547,0.0034383479359556546,-0.0025012144869291375,-0.0017699510538815577
-0.046875,0.003942747160962656,0.0031664439202291894,0.010945613438182733
-0.042613636363636354,0.026324512744016593,-0.037129957442749106,-0.0006066409793270555
-0.03835227272727271,0.016509043927648515,-0.008609905794839723,-0.017304765758763163
-0.06676136363636365,0.029773755656108625,-0.03407575010503705,-0.033742402928902515
-0.058238636363636354,2.8437881326115466e-05,-0.0023621370850596124,-0.004910401471321768
-0.0625,0.006591567797493703,-0.009356478006316005,-0.010072495768736534
-0.044034090909090884,0.029080103359173215,-0.023195447223085863,-0.024463923547094257
-0.03693181818181823,-0.007376171769449824,0.007110617518900353,0.0100256722605932
-0.03125,0.024539559819705237,-0.014655627145292893,-0.02067451102825224
-0.03125,0.04556975803943519,-0.033464297664748455,-0.02797935027719195
-0.042613636363636354,0.03386377695769949,-0.015575354895497662,-0.027654663824077774
-0.06107954545454547,0.011491032844121452,-0.004466873590677711,-0.01587940253429243
-0.04829545454545453,0.017186326070623537,-0.025157462084803017,-0.016879865620527346
-0.042613636363636354,0.0070431993222824785,-0.007588815901790391,-0.007709162169311723
-0.024147727272727237,0.009661458333333317,-0.01228335582916873,-0.009928511920664407
-0.08806818181818182,0.002569784499679706,0.0037947410716407393,-0.022457448607186403
-0.06960227272727271,0.03459350244678816,-0.027444519778082155,-0.03253730006608757
-0.04545454545454547,0.008523123492311102,-0.007754155949238339,-0.02413057134715435
-0.03693181818181818,0.007358588479501882,-0.00818408229877865,-0.01691863447878955
-0.034090909090909116,0.028101091216270357,-0.028849865669564656,-0.00613581720585854
-0.05539772727272729,0.009329710144927561,-0.004520472002241871,-0.00503486665470243
-0.04829545454545453,0.01915455054738502,-0.01717455568253301,-0.02739926424439515
-0.019886363636363646,0.04187702499496182,-0.032612175364537976,-0.02308813251082864
-0.05539772727272724,-0.0027454079629744,0.004224240661161338,0.0038548474049155956
-0.03267045454545453,0.06517595648737862,-0.04348600421145088,-0.039429803337045766
-0.022727272727272763,-0.004512654040195185,-0.006703242067509829,0.021040241386830527
-0.0625,0.002113695090439238,0.010440835413342842,-0.005575535198295289
-0.06676136363636359,0.020764891836608124,-0.015609025593877557,-0.022321320943203826
-0.08096590909090906,0.002836438923395357,-0.025139492686442888,-0.014804177454256051
-0.03835227272727271,0.008151538347047738,0.0005413012128373529,-0.0002756240786611075
-0.048295454545454586,0.04454752545314611,-0.05587393110028005,-0.03163884712780907
-0.035511363636363646,0.02297169003781918,-0.031157438467447174,-0.024763923525247866
-0.05255681818181818,0.01730626085518161,-0.01772259330215209,-0.01476036846652018
-0.05965909090909094,0.036182486939650094,-0.03512863493029583,-0.03294485357213006
-0.042613636363636354,0.008615880493398564,-0.01756568397524494,-0.01158601880700938
-0.04545454545454547,-0.00218237980123559,0.012462433171039455,-0.008391860180384347
-0.05397727272727276,0.03818773253517915,-0.031684982917755344,-0.03658112909828759
-0.025568181818181823,0.02539043110700101,-0.02723347070181925,-0.005728047260731395
-0.05681818181818177,0.029863706138650747,-0.023670402676831237,-0.02754243923173416
-0.035511363636363646,-0.0077294836455755744,-0.006005098992754698,0.004809800001348563
-0.02840909090909094,-0.017596440260361113,0.012749058861494356,0.0108916838881572
-0.04403409090909094,0.0072564961933133665,-0.004751105517918963,0.00888157488943292
-0.05539772727272729,0.03807207926541578,-0.023707450918316886,-0.030362180053589982
-0.049715909090909116,-0.0130371900826447,0.0019511055008198386,0.012784331785216652
-0.029829545454545414,0.03232005951519912,-0.03976083871775643,-0.03912298622343108
-0.04119318181818182,-0.0031794361937902416,-0.013791471681673328,-0.0013467772782402299
-0.044034090909090884,0.032181133885193614,-0.013480610152138806,-0.03267721817252034
-0.0625,0.03423829668541678,-0.027475550450644703,-0.02644970498337701
-0.045454545454545414,-0.016951638588550755,-0.0031276355600047823,0.019301943505515118
-0.042613636363636354,6.45674497407045e-05,-0.013509890545777725,-0.005892658393817363
-0.048295454545454586,0.00011368392767641122,0.012877134364851606,-0.007561649160355177
-0.03977272727272724,0.019710365616793846,-0.016575923764281686,-0.025496585299348895
-0.035511363636363646,-0.008317121629172752,0.008797987870139967,-0.010680447586155384
-0.06676136363636365,-0.018784748153680253,0.009244905910071544,0.010836324393648677
-0.078125,-0.028033591731266183,0.004671259140876793,0.028597434453592308
-0.05681818181818182,0.007145236162284907,-0.004408794613352862,-0.016005837166914838
-0.08664772727272724,0.006498773085367504,-0.02729700378563288,0.013525754024265979
-0.03267045454545453,0.013345707752850378,-0.02447675412953454,-0.0006834071050151325
-0.04829545454545453,0.023122374221320796,-0.023409087488919122,-0.025237930602567238
-0.048295454545454586,-0.006023909571581387,-0.003250018761028872,-0.0015216230597690505
-0.058238636363636354,-0.020291943656733702,0.01791625614668846,-0.0023047420703963817
-0.03125,0.02072562991942628,-0.010311444287701643,-0.024344660138497676
-0.03835227272727276,0.012987964416535824,-0.0034436198129254025,-0.015039261922176361
-0.04119318181818182,-0.005365150544522801,0.01048071550453561,0.009924315315781973
-0.058238636363636354,0.02721457506613756,-0.017374355273665765,-0.029460893945428335
-0.049715909090909116,-0.0022262511686528264,0.002652509212708265,-0.0057335955634920666
-0.05397727272727271,0.03453229974160199,-0.03156231620557248,-0.022868501171913802
-0.04545454545454547,-0.009127330548107437,0.0201785389156256,-0.008008569155654066
-0.06676136363636365,0.03030120576547546,-0.0316727857000485,-0.03724048286514087
-0.042613636363636354,-0.014586280056577028,0.01698711197607672,0.0019520251495820373
-0.05539772727272724,6.541077969646203e-05,0.020442270996067935,-0.02261887135464269
-0.03835227272727271,0.04934426314185514,-0.0429834557581516,-0.04214469660638692
-0.05681818181818182,0.022357597552910113,-0.029073389617517764,-0.024536578851602764
-0.044034090909090884,0.01090673361019856,-0.0035192386648815743,-0.01644949350854541
-0.028409090909090884,0.011948857032158089,-0.014443224134658261,-0.018563763177320947
-0.049715909090909116,0.021382978723404222,-0.019343201312345293,-0.004478261114409521
-0.04829545454545453,0.013260192333739762,-0.007732160568003965,-0.013899814937291033
-0.07102272727272729,-0.002685521536066382,-0.008145070305727142,-0.009177946390583558
-0.025568181818181823,0.050607696452254713,-0.03650423956293036,-0.04475981420294134
-0.07528409090909088,0.044020671834625436,-0.03684154846261267,-0.029242360545789603
-0.05397727272727276,0.0024277756186035226,-0.006221549935553017,-0.012565638829343528
-0.018465909090909116,0.01582633995827265,-0.002027794927810689,-0.01591161600622959
-0.046875,0.015467458677685952,-0.013576001031994966,-0.00048767502290902875
-0.05397727272727271,0.023009256389594834,-0.007943850623252424,-0.016416044386013573
-0.035511363636363646,0.011255165289256297,-0.00978553267250315,-0.013139647406351151
-0.059659090909090884,0.017988956098165643,-0.02294223383587951,-0.0270559120557049
-0.051136363636363646,0.025632301530821633,-0.01891646375508821,-0.02003539415467942
-0.03977272727272729,-0.006239798342940861,-0.008163425847603711,-0.0038120018960378643
-0.03693181818181818,0.030959889957583586,-0.028446958682600776,-0.023493346832652806
-0.05965909090909094,0.00013765447169244993,-0.004773738050088683,-0.017485308240745345
-0.021306818181818177,0.0067674028154461885,0.009697941514286157,-0.013006681540844445
-0.03835227272727276,-0.007367870225013062,0.012902077678098589,-0.0032333671149825105
-0.017045454545454586,0.027603503309904465,-0.01924495292414996,-0.016159139520704136
-0.05539772727272724,0.018419380009198072,-5.526228061752958e-05,-0.03645777982019749
-0.03267045454545453,0.010813687348554146,-0.012935976038644492,-0.009552379874082195
-0.026988636363636354,0.032571354772052086,-0.02892278546819932,-0.03549972232256171
-0.028409090909090884,0.00928152126397308,-0.00868976362166779,-0.013219568701801243
-0.06107954545454547,-0.009677887932599827,-0.002103476759350742,0.010463690235985867
-0.026988636363636354,0.022002583979328083,-0.023272338783900837,-0.021340605476331487
-0.05681818181818182,0.004161414312578771,0.0038978351424415747,-0.016573058974067967
-0.028409090909090884,0.015086700389267071,-0.01831803488427347,-0.018911788621467973
-0.05681818181818182,0.015487518103810771,-0.023889024615905086,-0.012857123470398912
-0.05255681818181818,0.029484080249591926,-0.02088444782330967,-0.03119381526065712
-0.045454545454545414,0.025430311315478793,-0.015070536395359657,-0.007643506804918099
-0.07244318181818182,0.004203790659508599,-0.013911759884501773,-0.008738080870551446
-0.051136363636363646,0.01822140492068336,-0.016179640806631257,-0.008976252174130728
-0.058238636363636354,0.012013044103777348,-0.023380091439062056,-0.015582953610783046
-0.046875,-0.005193725174200359,-0.020100765577278468,-0.0074859975598342565
-0.046875,0.0018070309933194695,-0.005040788172099686,-0.009963081792756456
-0.0625,-0.013011642267684254,0.014366916029292742,-0.0010070122994254027
-0.022727272727272707,0.017412742468174924,-0.0041153912764611,-0.019158753188397604
-0.03267045454545453,0.01067361935094413,-0.022046790260613514,-0.01971074527102623
-0.02840909090909094,0.036987718164188665,-0.03229228615880564,-0.026428656480845025
-0.024147727272727237,0.005454385501891479,-0.004398602739533741,-0.009645191809699416
-0.046875,-0.006176258936938073,-0.0017770480578839232,0.004748082119470198
-0.042613636363636354,0.034826611491658443,-0.033472681664389214,-0.020043146071734186
-0.04829545454545453,0.029417541973368655,-0.03414231594829353,-0.03080250442847876
-0.042613636363636354,0.018718517551872593,-0.013109620106061648,-0.013088328189915677
-0.05397727272727276,0.048705882352941265,-0.042668965996462416,-0.034166392015130775
-0.05397727272727276,0.007313371764791188,-0.010660200796086539,-0.007559095452472908
-0.05681818181818182,0.016054820582016238,-0.007232137901929003,-0.010645229327358063
-0.05681818181818182,-0.007299610411140578,0.008999766233063644,-0.006678948940605278
-0.009943181818181823,0.02975493476078961,-0.02885638551880504,-0.024342410153658567
-0.012784090909090884,0.036712861658157236,-0.023329165779486793,-0.04655918710326712
-0.05823863636363641,0.029367096454252395,-0.02131125141234408,-0.026599998810131864
-0.06392045454545453,0.016376887952230357,-0.025501321396010468,-0.013446680481298712
-0.034090909090909116,0.037016910724685936,-0.040018895474910554,-0.03479362254024376
-0.04545454545454547,0.05765269151138708,-0.04882315402493781,-0.04082494674880921
-0.04119318181818182,0.028079105689795214,-0.0027923293585882525,-0.04138783156410941
-0.022727272727272763,-0.006312717511743671,-0.0012178749753842255,-0.006180502117447584
-0.058238636363636354,-0.00011184460362778648,-7.425165124369526e-05,0.003642031226703202
-0.051136363636363646,0.02670279642232365,-0.009898007111590335,-0.007508542211723757
-0.06534090909090912,0.011770084304488004,-0.0052738354993139835,0.0023061458906742383
-0.044034090909090884,-0.005069757591723234,-0.004454605202286188,-0.0016661382352217702
-0.03977272727272729,0.03353785791802333,-0.03789372412971087,-0.02095003986664995
-0.05681818181818182,0.01594282430536509,-0.019679005508222047,-0.013636422822634053
-0.03835227272727271,-0.021906522504608783,0.011270958733125669,-0.006666558614375984
-0.035511363636363646,0.017479208043694183,-0.015000558231773764,-0.027951025657387885
-0.03977272727272729,-0.0056784018577262785,0.023676661911414487,0.0015534651698514979
-0.04403409090909094,0.0037453183520598232,-0.008658437342942638,-0.0033293292371493477
-0.04119318181818182,0.0031862999481058196,-0.014005927863761036,-0.010788615862195428
-0.03835227272727271,0.011775905958318678,-0.0204037115074438,-0.005290259439131362
-0.05255681818181818,0.018847745555435003,-0.0321733295686652,-0.012551084320404138
-0.034090909090909116,-0.0013584209134602787,-0.005088661666574512,-0.006166808857687667
-0.014204545454545414,-0.004571035875863716,0.019593580596195537,-0.007660736876977936
-0.05397727272727271,0.029918357415393393,-0.011240279772638861,-0.0491617192150583
-0.04119318181818182,0.007502224797698576,0.0027077086902914105,0.0025151570151203395
-0.05397727272727271,0.014014587982477789,-0.005799219030770908,-0.019003108559746684
-0.051136363636363646,-0.013970356027935504,0.0006449004827535076,0.0011598869106460574
-0.04403409090909094,-0.01535060438307334,0.016098217252612068,0.006474612971510085
-0.046875,0.002756744455478133,0.0032980589316602416,-0.002073267549416058
-0.044034090909090884,0.019981813578849983,-0.019977366137898245,-0.017908813152289482
-0.05397727272727271,0.02002594706798133,-0.018718135619332,-0.01915498026923157
-0.059659090909090884,-0.0034858286164499708,-0.013754528225326135,0.001917641268149084
-0.034090909090909116,0.03339883645765995,-0.028068852560408364,-0.025409158093586126
-0.032670454545454586,0.03332711800322152,-0.032344050604874997,-0.047256592065980374
-0.06107954545454547,-0.001761445521744287,-0.006277626593586549,-0.012665984994448765
-0.024147727272727237,0.000150203811033367,0.0009394512695246604,-0.0021745532002555024
-0.049715909090909116,0.011621416277735497,-0.00988897297075586,-0.01378717916521055
-0.046875,0.0031720609035693625,-0.007938498668013272,-0.012590585034771895
-0.06676136363636365,0.003608055578529501,0.0014708971708602414,-0.0005607707451809052
-0.025568181818181823,0.012412638322655711,-0.016608065648992865,-0.008275423016249284
-0.03977272727272724,0.015240058697089776,-0.01657789927311004,-0.014407999978167163
-0.042613636363636354,0.015927798804574955,-0.00615132099813559,0.0017932671192512628
-0.058238636363636354,0.016990631043547255,-0.02380742574599487,-0.01099424509542335
-0.08380681818181823,-0.008640826873385077,-0.016932457354406183,-0.00535068673101996
-0.042613636363636354,0.026100775193798387,-0.007750659120292547,-0.01701994843046928
-0.07102272727272729,0.011363164882582377,-0.0035793571830497473,-0.02046548293793138
-0.05681818181818182,0.007099117799688637,-0.021808788762387565,-0.0077293814184573595
-0.04545454545454547,0.02586851001353252,-0.013155216761971067,-0.010014545649123185
-0.012784090909090884,0.043358333849872865,-0.042779977824837945,-0.03351661409018242
-0.07386363636363635,0.024818664627719977,-0.011804665248041413,-0.029309067478044293
-0.03267045454545453,-0.001407583355326869,-0.002439198861160008,0.004987042403714892
-0.06107954545454547,0.005445606173761441,-0.00463989001642795,-0.013229038478692112
-0.048295454545454586,0.021812141788047912,-0.020336446366739258,-0.02454187616043013
-0.045454545454545414,0.013560784556878258,-0.008673720488613257,-0.013187171661108443
-0.05397727272727276,0.023852920405450284,-0.02369977477237728,-0.01361439924848068
-0.049715909090909116,-0.00779542812863232,0.0053049657674086315,0.008186046913756517
-0.06392045454545459,0.040625727213962515,-0.03563211407315259,-0.03988021769931993
-0.05681818181818182,0.00010333994708988659,0.01160295887453705,-0.014703159892530293
-0.059659090909090884,0.020982567848057743,-0.017693023086906123,-0.007981917428988405
-0.04971590909090906,-0.008470009068532236,0.0005551823672263478,0.006736184519440025
-0.05681818181818177,-0.009168435787375029,0.015310145812608589,-0.0037809925376535714
-0.03125,-0.005768421052631423,-0.013659964385042023,0.010180329599795868
-0.06107954545454547,0.012263307767454434,-0.009633439871951144,-0.027056084130578473
-0.04545454545454547,-0.028050058086465768,0.01974619042878306,0.015896615339826337
-0.04829545454545453,-0.024075373619233287,0.016611069487414254,0.011503167729181862
-0.035511363636363646,0.005463676240370807,-0.009084179887363597,-0.010641262444607169
-0.046875,0.003411955533515254,-0.02128184196435068,-0.016216046202406798
-0.05397727272727271,0.009767564548162855,-0.029744411711993046,-0.006058103804468418
-0.026988636363636354,0.02231256206554133,-0.03316809243327029,-0.024846234356823094
-0.028409090909090884,0.013601063059709206,-0.007953514895456482,-0.023120725803252362
-0.05681818181818182,0.012803227539466056,0.0004172144529584476,-0.01915627233007483
-0.046875,-0.019863682635813618,-0.005960277460116126,0.007222964250422292
-0.03551136363636359,0.0032800264468273443,-0.01908266745918874,0.012225806941241368
-0.06534090909090912,-0.011301171705482282,0.021447816583567814,-0.0023013297066999394
-0.04545454545454547,0.010637637368323016,0.00022044989370306745,-0.009005333771968382
-0.06676136363636365,0.0007463881528313454,-0.012249217813363078,-0.015297810994133632
-0.01846590909090906,0.017124685483412727,-0.025212704000013186,-0.019556769653881034
-0.045454545454545414,0.006195796465890857,0.008388857398888394,-0.020683942983943437
-0.03835227272727271,0.020380208333333316,-0.006870227839721743,-0.03304329931539496
-0.07102272727272724,0.012718346253229984,0.0011809911444345955,-0.030114320616372037
-0.05539772727272729,0.010836465032417641,-0.0076930845876208576,-0.018646631707748496
-0.03977272727272729,0.003760545033495988,-0.005826844702262135,-0.00185551847206894
-0.05397727272727271,0.0011675724824863343,-0.018910242792098242,-0.004199113518187247
-0.05255681818181823,0.018900876322751392,-0.026719209259589594,-0.02476422750703433
-0.022727272727272707,-0.011089058760899162,0.005731626155461633,-0.0006827709108296887
-0.03693181818181818,0.0304101802142277,-0.0415959814003124,-0.02238007932164804
-0.03409090909090906,0.013341106360927446,-0.004069117078660811,-0.016824857598227272
-0.07244318181818182,-0.004924123495552157,-0.002760303181799373,0.0019688833540567607
-0.03977272727272724,0.015738887078334818,-0.0023990192935342547,-0.016457464809684963
-0.05397727272727276,0.009730570164454555,-0.02197571453957664,-0.011707497703244807
-0.03267045454545453,0.035775612380006594,-0.04034112359315212,-0.021044153523538445
-0.06818181818181818,0.03627594285832769,-0.03754075038808674,-0.025226128499986733
-0.03835227272727276,-0.00027168428733326255,0.0032200374690906086,-0.001847333561158182
-0.05397727272727271,0.016921171031079596,-0.011227193362806143,-0.006410202602421589
-0.07386363636363635,-0.01064720753136783,0.01641130195959062,-0.0010926176027487577
-0.04403409090909094,0.04367084030661805,-0.042232107920238904,-0.030900073068596323
-0.02698863636363641,0.01393432879020473,-0.028618266115537694,-0.0347000247813149
-0.03267045454545453,-0.014025285460082193,-0.011546377111534945,-0.006812564096394524
-0.03267045454545453,0.03221353802487159,-0.018821708171110285,-0.02837473947460306
-0.021306818181818177,0.016170362257444504,-0.011544582494198763,-0.0009489389818685412
-0.04119318181818182,0.003231946278583586,0.0009376440168201716,0.00032817389219752524
-0.05397727272727271,-0.0021419085464475796,0.0022793433827005827,0.006711044338088612
-0.04119318181818182,0.012231657678877794,-0.01031921448127604,-0.007205420280154307
-0.059659090909090884,-0.03367211246200619,0.0004147069074861287,0.008751348855293717
-0.02982954545454547,0.03408187134502916,-0.031200045264566212,-0.035102690415608484
-0.035511363636363646,0.023146734037761574,-0.012869257552374114,-0.03477307378085903
-0.058238636363636354,0.02302779573367819,-0.023206622600624227,-0.014880274813115602
-0.05681818181818182,0.0012872807357661165,0.0006084284481789326,0.0027655022147181074
-0.04261363636363641,0.03129259276937191,-0.017635395882240668,-0.018005357126924693
-0.025568181818181823,-0.009695527772594303,0.008139068438852648,0.0028462268348340425
-0.046875,-0.005173948136343864,-0.006063493687104682,-0.009851094021970652
-0.046875,-0.018940649867374093,-0.011096010509636767,0.015726402959748975
-0.025568181818181823,-0.007076840185676447,-0.010654664995218499,0.0069715020138426675
-0.03835227272727271,0.0028834616021184978,-0.0038548750345363536,-0.0033943052521639983
-0.059659090909090884,-0.010050759315812119,0.0026185957817883576,0.0024239698896331707
-0.042613636363636354,0.03169347209082307,-0.03524655446519526,-0.027610734637634582
-0.035511363636363646,0.05264346920116514,-0.04421951537851809,-0.030232262721406666
-0.05255681818181818,0.0001916393451113496,-0.003902187860408246,0.010660978903438534
-0.015625,0.0076406250000000675,-0.005402113905378536,-0.010659652273452613
-0.04971590909090906,0.012385854571814514,-0.02148533726890034,-0.0017264515132469627
-0.04403409090909094,0.013317917759465447,-0.008709615610639765,-0.021753347376316956
-0.035511363636363646,0.01091882450818793,-0.025447237370095854,0.000651196197612669
-0.046875,0.01788748908826998,-0.01966775037204238,-0.01341898837534039
-0.05397727272727271,0.013861698116131471,-0.02310980255300249,-0.00860741104563989
-0.05681818181818182,0.017582497117835327,-0.010764511626668694,-0.018085581412023544
-0.04829545454545453,0.01097841637121355,-0.005913698689556879,-0.026198704995489652
-0.03693181818181823,0.017548915752741756,-0.014633109440148229,-0.02951379581486202
-0.045454545454545414,0.013280832542190035,0.007121800361092723,0.0010942591230216903
-0.05397727272727271,0.0580672199341874,-0.06294305100252945,-0.030614586498142193
-0.042613636363636354,-0.0022603014082015482,-0.016844189542554122,0.0007074847812262308
-0.04829545454545453,-0.015764544238348388,0.02056693679284871,0.016139668818567432
-0.042613636363636354,0.007538819875776315,-0.002896857471640424,-0.015467992941792241
-0.049715909090909116,0.01102622117530383,-0.02655445433417747,0.0030692510543200435
-0.046875,0.05544564791856965,-0.04202441660090439,-0.04131391159383507
-0.05255681818181818,0.04351795810895409,-0.03699046401268202,-0.027458117044656005
-0.03125,-0.0009555785123966931,0.0025089310457871994,0.005705252784366899
-0.03977272727272724,0.018775043826696702,-0.03398306745621632,-0.0165066626147487
-0.03835227272727271,-0.002003578002523154,0.018353001973153926,-0.010708762022215601
-0.051136363636363646,0.02612399016508593,-0.02316178330613311,-0.028228113853847714
-0.02982954545454547,0.028155082023542333,-0.019808303330730692,-0.02474679116744216
-0.03835227272727276,0.008346477052359358,0.003609228788577612,-0.032651254238932725
-0.03267045454545453,-0.0013630884947055666,0.008727555620961558,-0.011708950662412954
-0.04261363636363641,-0.010081690199249427,0.013907666069847668,-0.003359447361474921
-0.06392045454545453,0.006538844311749781,-0.0012505541557326083,-0.000786961215080817
-0.03125,0.02266395836240631,-0.03110677835042075,-0.025274339536718426
-0.045454545454545414,0.022839099709132005,-0.02808525416529223,-0.01926561235502594
-0.07386363636363635,-0.0049870357979258095,0.0019222233709854653,-0.007419560338793485
-0.03977272727272729,0.025932816537467707,-0.015041366256578093,-0.023003876548883806
-0.03125,0.019738304615082414,0.001923206130184707,-0.014565309117518188
-0.03693181818181818,0.00898799527274996,-0.013799593881239192,-0.0012021398555426277
-0.015625,0.021865789473684227,-0.01093070526657769,-0.026006371646673854
-0.051136363636363646,-0.009112323332506778,0.005718175011535043,-0.002986325566282255
-0.051136363636363646,-0.005397402838997811,0.005096160624162682,-0.012640829842139267
-0.042613636363636354,0.015646480838767518,0.006425064114363499,-0.0253988534051538
-0.032670454545454586,-0.009122089299365754,-0.00787899786972257,0.010608801363477305
-0.044034090909090884,-0.029100008289124624,0.01571138632117358,0.027900272088836997
-0.0625,0.013769856644711531,-0.014219773630502641,-0.006397008544968719
-0.022727272727272763,0.009569018651169658,-0.0074642155845584535,-0.0006621987307156019
-0.01704545454545453,0.02850478394742828,-0.004592481551453198,-0.032632215090272865
-0.028409090909090884,0.01757458349476937,-0.019048406316661826,-0.006819010674935233
-0.025568181818181823,0.023845898027478052,-0.005099366858590915,-0.02105881798123138
-0.05539772727272724,0.008227791768543158,-0.011339147722504161,-0.010677979447117125
-0.03693181818181823,0.04902654130959305,-0.02505745361245837,-0.057670434063861076
-0.05397727272727276,0.007263334624822426,0.010491107683035628,-0.011411986691723719
-0.061079545454545414,0.029994673184182474,-0.022583838133034773,-0.007409179756097173
-0.05681818181818182,0.004862059830347376,-0.015540461781273829,0.0011535161129624383
-0.06534090909090912,0.00128099835226414,-0.00029935238406630926,-0.016443068697465757
-0.026988636363636354,0.021257267441860517,-0.022680421754351476,-0.01466034429050761
-0.07528409090909094,-0.005461329009997629,-0.0020536892141395646,0.012131266433634658
-0.04971590909090906,0.03933494070655441,-0.03210341241676523,-0.02484540438237698
-0.05539772727272729,0.015018087855297124,-0.020628229753678673,-0.008787348651532245
-0.06107954545454547,0.015682547225852494,-0.013317533936847425,-0.015233798809341004
-0.034090909090909116,0.005983382936507797,0.004683470593046413,-0.013096877390213979
-0.058238636363636354,-0.004816945714936072,0.015155583471712475,-0.012274571309243143
-0.032670454545454586,0.01023620826030991,-0.012077286231659656,-0.012617299010949878
-0.03267045454545453,0.03695631941428301,-0.041372620233727564,-0.04793303074604288
-0.048295454545454586,0.010985370231238023,-0.010111488957402437,-0.008325734009382801
-0.03693181818181818,0.031347912013753865,-0.01455444867344613,-0.042462083554267005
-0.02982954545454547,0.007747888239116318,-0.011892729358375487,-0.00778863366317728
-0.021306818181818177,0.027537867506831515,-0.00881183658676915,-0.02811489224255992
-0.04545454545454547,0.012163244220586455,-0.022137198846205575,-0.014179068819241747
-0.05823863636363641,-0.0033582552584229264,0.0007951613422970683,-0.0020367878806666906
-0.042613636363636354,0.006709849377053323,-0.021189149682847463,-0.004439217858484001
-0.03409090909090906,0.05410362929894175,-0.03665287411883705,-0.036889770104114816
-0.06818181818181818,-0.00485165142750521,0.012838357126986333,-0.0019196526441745965
-0.058238636363636354,-0.018184166343794383,0.0096311903872629,0.012181403669263569
-0.04829545454545453,0.00844373950363897,-0.000505496988095433,-0.006212373023718798
-0.025568181818181823,0.03717219613737677,-0.03955699793622397,-0.024473131166821538
-0.046875,0.03348770277341706,-0.03768240373110998,-0.03842429853504464
-0.078125,0.01828722496305102,-0.002699618558964667,-0.033591653571440006
-0.03551136363636359,0.023008547362321385,-0.01681992050051101,-0.016544766359413432
-0.06392045454545453,0.007323792246186955,-0.019495193105836917,-7.505382673250738e-05
-0.051136363636363646,0.011157622739017992,-0.022877180591788948,-0.017152276917665743
-0.04119318181818182,-0.0003901425699801564,0.012038184812334762,-0.010462142952154252
-0.05255681818181818,0.016410208730416986,-0.013587975232534522,-0.009918948290753238
-0.049715909090909116,0.012742019884876998,-0.006035211624331294,-0.016391984589416875
-0.06392045454545453,0.015247320160144628,-0.028882376238305363,-0.00841628700095065
-0.058238636363636354,0.007968209839860685,-0.013747469026735515,-0.010044628421275903
-0.03125,0.022060190924869882,-0.002574963649656037,-0.02562150077484604
-0.02982954545454547,0.003508526263380607,-0.01493019106284249,-0.002865895889122061
-0.051136363636363646,-0.010294330868493518,-0.000435396304412472,0.017573130829000694
-0.03409090909090906,0.005685701857950698,-0.028170923786580926,-0.0034604638696155154
-0.07244318181818182,0.04255253207710907,-0.03667513185230864,-0.037378913347141884
-0.044034090909090884,0.005772043055203957,-0.012654596707303845,0.0005066561832497429
-0.051136363636363646,0.014720083518204308,-0.02155398158415811,-0.03656093654903114
-0.042613636363636354,0.04250508880152892,-0.04306069481934116,-0.04520586850962949
-0.061079545454545414,0.00748123233669673,-0.004214983280418916,-0.004277992518252116
-0.05539772727272729,0.004129198966408287,-0.009683644606650776,-0.013870803570585288
-0.05397727272727271,0.03511480437665793,-0.03359769969720833,-0.01261474071488039
-0.035511363636363646,0.008081941113224578,-0.0061736089787644,-0.0073625120426131785
-0.04119318181818182,0.02400070271164023,-0.02654932492924228,-0.013454434017888539
-0.06676136363636365,0.02501864164543588,-0.03487145203549846,-0.021188479729313037
-0.04545454545454547,0.054861959063722376,-0.029617753667255498,-0.03778567289558976
-0.07102272727272724,0.023435401557883484,-0.0182156509319219,-0.038184407509167406
-0.06818181818181818,0.006388461956437386,-0.013820830521163285,0.003488772241682203
-0.03267045454545453,-0.0035150519638835753,-0.010266630450777081,0.0033182362176963354
-0.05255681818181818,0.005632864315378461,-0.005894391593141757,0.009583629599926091
-0.059659090909090884,0.023985516229674153,-0.01847395519131373,-0.019123420794959267
-0.06676136363636359,0.02426934365827771,-0.02695322370594533,-0.029599963943568175
-0.05255681818181818,0.015994832041343665,0.0032706248658675996,-0.02326813799468297
-0.05397727272727271,0.06489135445478167,-0.035111568654169534,-0.04132734223249901
-0.03409090909090906,0.020817805383022803,-0.028085846280518245,-0.019722214665921445
-0.05255681818181818,0.019016563146997956,-0.008591595535033303,-0.024394103688339608
-0.03693181818181818,0.011710678568476629,0.015726174263356762,-0.016423210917330233
-0.042613636363636354,0.03353934239015288,-0.020453696731879745,-0.024111890085118548
-0.049715909090909116,0.0005787037037038312,0.005635539959119307,-0.008230943398495005
-0.035511363636363646,0.015462946981940284,-0.012168302201719383,-0.012763711904757002
-0.029829545454545414,-0.02092274399030325,-0.00027782395506514845,0.014444443232877247
-0.05681818181818177,-0.010804418453541298,-0.0020276912616846166,0.0028639272552570816
-0.046875,0.03547486322944304,-0.03523649892176761,-0.03346767111484783
-0.03267045454545453,0.02702463090153373,-0.039968657468486046,-0.017829362091516365
-0.08380681818181818,0.02122153209109734,-0.010215491978941893,-0.03772651702641899
-0.05681818181818182,0.025337829088780905,-0.04565801066875952,-0.023257727330803113
-0.04829545454545453,0.01205217615911125,-0.019387321760852283,-0.001842315275597528
-0.06818181818181823,0.0009091336583224585,0.005549041421510137,-0.008131541850633361
-0.048295454545454586,0.028634819566042857,-0.01339460093446404,-0.02277611238127525
-0.026988636363636354,0.026116688491197415,-0.012961768742629498,-0.018664595528305183
-0.05539772727272724,-0.01466252105194965,0.014404197474283342,-0.00026308332476387974
-0.051136363636363646,0.031359492708729064,-0.029861383924721097,-0.024570713517606424
-0.06676136363636365,-0.023342026535871252,-0.007590546430495171,0.01775146569201519
-0.03835227272727276,0.024425465838509353,-0.017338410555802375,-0.013864442128618149
-0.04829545454545453,0.020907563025209908,-0.020194781299700537,-0.006893989811073753
-0.03835227272727271,-0.0064162056504087905,0.003951169457585502,0.0025735464547012588
-0.05255681818181818,0.03170864006199148,-0.029898836370526205,-0.025170894474489114
-0.025568181818181823,0.0011964510465063416,0.013607742532514622,-0.009071247100888524
-0.05255681818181818,0.010917640486056146,-0.022226541585790738,-0.03429650836062631
-0.05113636363636359,0.009787152682682265,-0.0059125359222867435,-0.008028781355960524
-0.025568181818181823,0.03941189276606327,-0.03522684435195822,-0.022712971228000145
-0.03409090909090906,0.010247804795677218,-0.02348114305952581,0.0003178015421824165
-0.035511363636363646,0.003718333021087039,-0.0073760626247052485,0.0010332823386355328
-0.042613636363636354,-0.01578289351325657,0.011768832987060884,0.004418003425218753
-0.03551136363636359,0.011027012919222368,-0.013057566504341755,-0.004637243494377108
-0.03693181818181818,0.014582811586943745,0.0039596066785708706,-0.011974354852084979
-0.046875,0.03299009900990102,-0.03289308166717342,-0.027703598408543806
-0.05681818181818182,0.004422780433868456,-0.006801733426247236,-0.024188005918451105
-0.078125,0.0176807031352485,-0.016385261122784767,-0.0308487396450432
-0.04545454545454547,-0.004942438513867109,0.018186193743449708,0.007322837832835716
-0.024147727272727293,0.017952137971679938,-0.022525872421245485,-0.01162212434148302
-0.024147727272727293,0.01036281495971303,-0.015439421906971285,-0.0016808571877283685
-0.05397727272727271,0.018938914218169622,0.005131404527725036,-0.01739280308080271
-0.05255681818181818,0.0007372876094290381,-0.0034857349088975864,-0.008406867882564895
-0.06676136363636365,0.021438010104935845,-0.01662242979752132,-0.016283340728084905
-0.061079545454545414,-0.003460735257629688,-0.0160799963696861,0.010968508141554756
-0.03835227272727276,-0.008591977351735003,0.006125547272177068,0.008912350915691869
-0.046875,-0.019214915669022448,0.008425699876844273,0.014841578191424565
-0.05539772727272729,-0.014539689493144659,-0.004876821261880271,0.019769373676242208
-0.042613636363636354,0.012901241269496655,-0.013102786763225072,-0.008154786163719785
-0.058238636363636354,0.007586460290107011,-0.009944298319074119,-0.014035761132005886
-0.03409090909090906,0.03456737713489921,-0.028035776870506735,-0.03879113198998729
-0.058238636363636354,-0.019515582814426446,-0.009944636518345762,0.019845126753538778
-0.049715909090909116,0.007244461717839212,-0.0032570918994901943,-0.02050972528830869
-0.042613636363636354,0.014311630719612944,-0.012855034763035456,-0.002927870156956891
-0.049715909090909116,0.03593049443170304,-0.016422559422945904,-0.02314463494479857
-0.078125,0.012659047579575589,-0.002004708401080413,-0.01196566770475932
-0.058238636363636354,-0.0018935551497936132,0.002184780507522688,-0.012026056165239385
-0.03977272727272729,0.022606887589343705,-0.0005941938307093553,-0.03385517669840088
-0.021306818181818177,0.02002072807358468,-0.028299420014154586,-0.018009899890838454
-0.01988636363636359,0.015602955034126675,-0.022513157353991176,0.009098443952311353
-0.04119318181818182,0.031732930507321955,-0.04036147396929035,-0.02167555448976599
-0.046875,0.023563497642874798,-0.019712710922416277,-0.020671040604874735
-0.051136363636363646,0.011174948240165627,-0.005379200033318821,-0.014580359963270784
-0.05539772727272729,0.023059676473053514,-0.012175549039086908,-0.02606408174383651
-0.022727272727272707,0.030204028925619797,-0.03150466346889297,-0.022498724885903265
-0.058238636363636354,-0.018157970984498784,0.014061415018641776,-0.0012301980403810475
-0.07528409090909094,-0.007138828083357862,-0.007387953639840239,0.008263868717811429
-0.05681818181818182,0.00831621857107312,-0.008855382611014484,0.008329271451967601
-0.06107954545454547,0.033838924854713515,-0.035387443723098766,-0.028387704556643856
-0.022727272727272707,0.04397327445004251,-0.04783750566890821,-0.026909223079090716
-0.044034090909090884,0.020491421593989978,-0.02328641476596638,-0.012824236201063155
-0.022727272727272707,0.04367965837947385,-0.019974748126508513,-0.030521219757778217
-0.019886363636363646,-0.004455263157894684,-0.009967011021920436,-0.0023391627821753302
-0.03835227272727271,0.007007147498375499,-0.00011518167884011499,-0.01180642554187622
-0.04119318181818182,0.04963329353573254,-0.04223416507951566,-0.042111743996876894
-0.035511363636363646,0.018762527774756288,-0.007619625830520227,-0.023123360075640864
-0.07386363636363641,0.018969713568176783,-0.017516631577562336,-0.02634930645029626
-0.04403409090909094,0.010787929502675597,-0.013052897462241975,0.00039027399215701974
-0.051136363636363646,-0.006562663097680277,0.004929621535655293,-0.0069142732300754295
-0.061079545454545414,0.033365517885786344,-0.036282353832308156,-0.026704765798937047
-0.07528409090909088,0.02196545877814704,-0.03265206276771976,-0.009684542315771927
-0.07386363636363635,0.018536908308507183,-0.009715390235147725,-0.012205015686522713
-0.058238636363636354,0.0239700374531836,-0.020931250011297142,-0.011663500306436314
-0.03125,0.007536779899165125,0.00380010748205456,-0.011303251180036333
-0.01704545454545453,0.010651321600694263,0.0002450598292742523,-0.015858666500091878
-0.035511363636363646,0.026829900246145844,-0.022536696570965298,-0.01820328063667881
-0.04971590909090906,-0.020605417440475393,-0.009058036490083077,0.01448243312426617
-0.042613636363636354,0.037889741010811995,-0.029160946579736446,-0.04119838667923437
-0.05539772727272729,0.012192153938565431,-0.0018382056608057806,-0.005786811950482362
-0.03977272727272729,0.004968944099378869,-0.01604443687790591,0.0005404013229477478
-0.07244318181818182,0.002867494824016603,-0.017142561146895163,-0.00642614653376089
-0.061079545454545414,0.027418629998295363,-0.022248874209211567,-0.02488476410664997
-0.03977272727272729,0.03771231093478811,-0.040348080412402176,-0.01623805130693523
-0.044034090909090884,0.02759814049586773,-0.012559219252872011,-0.033492591797312066
-0.08238636363636365,-0.017825758828881044,0.01222681129391523,0.013751848878745698
-0.021306818181818177,0.038368583248902244,-0.037100238247312234,-0.026945820544703347
-0.06818181818181823,0.05926463473633281,-0.03625288517381936,-0.04547635765546132
-0.03977272727272724,0.01391759897748246,-0.01116024933644888,-0.0092807321160292
-0.04829545454545453,0.003460735257629688,-0.011413519290948193,-0.010253950334798922
-0.05539772727272724,0.003178728405096365,-0.008228452198521419,-0.0056780943360125735
-0.05681818181818182,-0.0031818839232214957,-0.005820547900742323,-0.008120390234819641
-0.05681818181818182,0.033629402281746046,-0.03170557529313067,-0.02480172643104589
-0.024147727272727237,0.014451570789124624,-0.010558233462269195,-0.020478372209666418
-0.03835227272727271,0.025405032210507716,-0.03431293008416181,-0.01028240475695974
-0.029829545454545414,0.024076967652476355,-0.020077037961293176,-0.013251501174364577
-0.06676136363636365,0.061858656074147644,-0.04440904601353246,-0.04245734402915674
-0.051136363636363646,0.016370868236506908,-0.007413508501324884,-0.018464487471188562
-0.0625,0.01830092653007953,-0.012069640817650884,-0.029164204607386557
-0.045454545454545414,0.001095996890788875,0.003070652362541171,-0.0064787352788157615
-0.032670454545454586,0.0038800319163917463,-0.0006065740623459881,-0.006049145461761274
-0.06676136363636365,-9.061910975782794e-05,0.007210697547487932,0.0029756448131582625
-0.045454545454545414,0.005854800936768156,-0.019043049374618204,-0.021869528634891222
-0.06676136363636365,0.026549818460566366,-0.02267750138878205,-0.029444934322120142
-0.04545454545454547,-0.022606720175534,0.0070481883230701925,0.0003712550912614576
-0.05965909090909094,-0.00022336385972743233,0.004300456432230482,-0.008814205711734302
-0.04829545454545453,0.023375637270853566,-0.023505477686599108,-0.0054685736533306994
-0.059659090909090884,0.035165509429212816,-0.013041469529859018,-0.027752651697301456
-0.048295454545454586,0.03759908110681098,-0.027478947409511734,-0.03364523299772304
-0.04545454545454547,0.0028135528112167574,-0.003166234017683678,0.0019429566509612806
-0.07386363636363635,-0.019188368416673596,0.013067661260671715,-0.00028683917226784983
-0.05681818181818182,0.03627181374576138,-0.02865851175515116,-0.029572617023791492
-0.042613636363636354,0.001681533144311853,-0.015652267963744637,0.0026883201532208467
-0.06392045454545453,0.01193821686546348,-0.016244167010943666,8.052236000249957e-05
-0.07528409090909088,-0.007974197019310902,-0.0030777934139860075,-0.0006727769172133469
-0.044034090909090884,0.03144702842377256,-0.029683846692468485,-0.02422491212705591
-0.03835227272727276,0.053146995021614574,-0.04036373080853117,-0.051481542624151166
-0.05539772727272729,0.02731844615989576,-0.010305020974191503,-0.02377853383983608
-0.04403409090909094,0.018567529567446894,-0.02454120836357082,-0.016568070180124128
-0.06392045454545453,0.01064253554937078,-0.03371398292883376,-0.003743777900287404
-0.049715909090909116,-0.004918600265563122,0.022459886493591597,-0.01127793360439644
-0.05397727272727276,0.020801858482170532,-0.03152152616040893,-0.020601023806618324
-0.05681818181818182,0.027104166666666707,-0.025543446131941427,-0.031096670622998812
-0.05397727272727276,0.007286836132781249,-0.003180470682880354,-0.009940639496432535
-0.042613636363636354,0.012459439221233048,-0.014102216759881048,-0.01549749138896711
-0.024147727272727293,0.00748254934857806,0.012975213492539939,-0.016783374333584233
-0.058238636363636354,-0.006084470435347544,0.012477756173340737,-0.017546225006105087
-0.03693181818181823,0.016529010996957694,0.0007706284406400199,-0.02412638208095097
-0.05255681818181818,0.02590201919894075,-0.011596778690077247,-0.01842936917142124
-0.05397727272727271,-0.005578258775269296,0.01955748480248426,0.008212027135693467
-0.05255681818181818,0.015521963824289386,-0.01355607836602013,-0.013796705001324627
-0.002840909090909116,0.01160381051807391,-0.021205299265297017,0.0010208572900505808
-0.04829545454545453,-0.007509273979862119,-0.008567451592679687,-0.011007204805842052
-0.0625,0.034475952023520606,-0.019788414296614876,-0.043776124210723355
-0.049715909090909116,0.028010015924901488,-0.036531449857769516,-0.01553574292595511
-0.042613636363636354,0.003058103975535187,-0.00815505458626492,0.009465534200574222
-0.04545454545454547,0.026082139584487463,-0.019859624582127477,-0.022908852307164274
-0.06392045454545453,0.024765625000000124,-0.026302854592886393,-0.021860954691825918
-0.04119318181818182,0.014631638237072364,-0.01964520392276492,-0.022646516686793017
-0.03409090909090906,-0.0070162653311212075,0.010938486530521818,-0.010669325050093048
-0.05965909090909094,0.05326280669761274,-0.041780832141585456,-0.04583153625687658
-0.035511363636363646,-0.021047710554591204,0.016480826584149955,0.0180787582783149
-0.04829545454545453,0.019657247514390352,-0.026852425045692574,4.533455357563776e-05
-0.03835227272727276,-0.01978287780143062,0.02546759030548401,0.011299136630476825
-0.05397727272727276,0.014796646265817559,-0.02374398495477642,-0.01215533960238685
-0.04119318181818182,0.01030949263162273,-0.005339929888396211,-0.002360403595420668
-0.06392045454545459,-0.00034389140271495755,0.009054931641980957,-0.013923782065412504
-0.051136363636363646,0.005642108328479889,-0.02060512628281813,-0.013218176528027037
-0.021306818181818177,0.03504155983789581,-0.02818192780644707,-0.028454304541055464
-0.05681818181818182,0.0027782961166055165,-0.025139047485271626,-0.008070669795907037
-0.03693181818181818,0.007690051127315356,0.006745965325073544,-0.015438084108214845
-0.06818181818181818,-0.010343701230356106,-0.014524009768491275,0.009971865037805616
-0.042613636363636354,0.019047963464280615,-0.035192991376834015,-0.017594578382769732
-0.04119318181818182,-0.016869430453312573,-0.0001640761135544011,0.012287345332909816
-0.034090909090909116,0.0017556561085972922,-0.026472748466521312,0.010372752778019634
-0.04119318181818182,0.005184609405363361,-0.0022792838839497676,-0.0079554385417267
-0.025568181818181823,0.02433042766650617,-0.004959209863374614,-0.03255504367876105
-0.05539772727272729,0.0034884203105887135,-0.004170047917139985,-0.01468671118266035
-0.03125,0.00595926928561108,0.002060231303947113,-0.029182632109309603
-0.03125,0.0338409743329956,-0.020917229219141686,-0.03253138131341271
-0.03125,0.01713806018339148,-0.015272797384201398,-0.005682089521454603
-0.034090909090909116,0.02379389221494488,-0.02024908496766259,-0.005123479436910883
-0.05397727272727276,-0.004301525297619069,-0.013609995814577391,0.009915853266267927
-0.07244318181818182,0.01391222720106211,-0.0246074969892216,-0.01344453461064904
-0.04545454545454547,0.02976476484234114,-0.01803144993724326,-0.02443963143058886
-0.04971590909090906,-0.014397898992405622,0.02369860148230929,-0.005683889479380089
-0.04545454545454547,0.027587774586183222,-0.04382726799749859,-0.023719796128525983
-0.05965909090909094,0.027855657762096753,-0.030036837038767528,-0.022450612119761404
-0.044034090909090884,-0.00012664378463322912,-0.007377899654399667,-0.012956920794329418
-0.05397727272727271,0.02327736475134423,-0.03356729149574428,-0.031457149851179145
-0.04119318181818182,0.028867409750516382,-0.004835017338542025,-0.021017135480157878
-0.03125,-0.0015387082092020998,-0.022833460698544528,0.008252356799655747
-0.04119318181818182,0.0009256625727213086,0.005749995787647566,0.013234104791866208
-0.03835227272727271,0.0114625547928211,-0.011774571423223135,-0.01858151351073417
-0.046875,-0.02018970469715442,0.0044573909326632855,0.012842284120759662
-0.04119318181818177,0.024066383563354776,-0.02332466049539944,-0.03760910643124615
-0.019886363636363646,-0.014538006983615293,0.00689470510356005,0.0030545230554631653
-0.03977272727272729,0.03463203463203468,-0.027002165434960923,-0.03344598748280331
-0.051136363636363646,0.032356223264656814,-0.02687534164550287,-0.025712446531419964
-0.05539772727272729,0.04583029041129949,-0.033739847063870954,-0.0520430599673713
-0.02840909090909094,0.014902959879036448,-0.013570991143794175,-0.02385299205275976
-0.0625,0.006355085884446332,-0.007886460970363052,-0.008222158786538036
-0.042613636363636354,-0.017972073600417526,0.01178892627521666,0.009055326637303907
-0.028409090909090884,0.009317829457364368,0.006541332905389496,-0.011453818313095832
-0.062499999999999944,0.024775659581506848,-0.022617788755545598,-0.03201686260216119
-0.007102272727272763,0.03635109125903335,-0.01864675222659029,-0.03515230993099189
-0.035511363636363646,0.02914885347842977,-0.016129951016393307,-0.031860146415083446
-0.059659090909090884,0.014022691547476263,-0.024077412270718468,-0.00884127422886033
-0.07102272727272724,-0.0009048416785588653,0.0020591351163821714,0.0012663166757534983
-0.044034090909090884,0.03498711574057278,-0.035898898316071404,-0.025511107776821307
-0.03835227272727276,0.016269997513262635,-0.0050178771430488545,-0.02062701374076714
-0.04545454545454547,0.02708847401337744,-0.03664231761283254,-0.03445273359055534
-0.05681818181818182,-0.030680661807625298,0.04493152127782862,0.009281570337229372
-0.01278409090909094,-0.015462612863902159,0.01055181630761387,0.014486201973762158
-0.03977272727272724,0.0546486447281167,-0.045770855706585956,-0.0502673030947175
-0.03977272727272724,0.022222049938236066,-0.013960184023919409,-0.031199637759251664
-0.06960227272727271,0.013617910416807044,-0.01727928942175594,-0.016229126390070958
-0.05397727272727276,0.0034895314057825644,-0.008047687032571471,0.001059692998378714
-0.05823863636363641,-0.0008462732919253257,0.0005461388304946468,-0.01213936834108037
-0.04545454545454547,0.016123615244709066,-0.009220744716751994,-0.026525032341685295
-0.07102272727272729,0.01905931869544486,-0.013591885146443605,-0.010158772166664332
-0.034090909090909116,0.03582799662454239,-0.03692562990895554,-0.04327777015004802
-0.04971590909090906,0.01631378722287813,-0.010460905252353603,-0.007785286629822086
-0.06392045454545453,0.03199348065362795,-0.03305577269338694,-0.02740837847649874
-0.06392045454545459,0.01699788627320964,-0.009320450612678388,-0.012129536387116058
-0.04403409090909094,0.021820129476968875,-0.01919279690186093,-0.023540057335715736
-0.03267045454545453,0.015240119128870133,-0.010363465398240235,-0.012543324612085016
-0.07102272727272729,-0.015402331191804786,0.014140398442833713,-0.006699908137520472
-0.03409090909090906,-0.009615633627007902,0.0013081916167727026,0.0087197561638378
-0.04119318181818182,0.023303536727555363,-0.02184722273790829,-0.03247716807000045
-0.04971590909090906,-0.018880491799879717,-0.004698508860567552,0.013480315367423001
-0.0625,0.01755261905254646,-0.018793902586663358,-0.01641682893845131
-0.03125,-0.027729998605364514,0.026076995712382256,0.022921201173556283
-0.05539772727272729,0.021077101898488992,-0.021853716850789462,-0.01215876167654506
-0.03835227272727271,0.04123239790387656,-0.04466768583252001,-0.03127964865551963
-0.05255681818181818,-0.00980711468172113,-0.0016328849539203327,0.01149447313996732
-0.05397727272727271,0.0013493363575268758,0.004024154120283119,-0.003646855071576083
-0.01704545454545453,0.023198369466817637,-0.02841814120181979,-0.017011011579376345
-0.046875,-0.0033354880413702936,-0.007426184141001213,-3.235610955232282e-05
-0.0625,-0.008827889726278682,0.01166438555038185,-0.0018939935685549636
-0.04545454545454547,0.04908047050037345,-0.03571413227959658,-0.03105385533895122
-0.06676136363636365,-0.03512132491884923,0.020008564946259966,0.01196497311375938
-0.024147727272727293,0.028751960008072897,-0.018228128756664075,-0.02035686643878243
-0.04403409090909094,0.021831862999481144,-0.03163724334890394,-0.025656270137330905
-0.046875,0.027315541601255933,-0.020050148612179464,-0.014315472779049154
-0.051136363636363646,0.025416936005171364,-0.011660824559447558,-0.014744187823400645
-0.06676136363636365,0.0019989772674445794,0.0075118565588883635,-0.010333788067232896
-0.05255681818181818,0.004265107212475638,-0.004574077085417294,-0.011933723468422586
-0.04403409090909094,-0.00187482724992305,-0.018408846707056503,0.007367595370598667
-0.03125,0.024992714253002757,-0.024326950184780594,-0.02183144399301168
-0.051136363636363646,0.01872449719339675,-0.01313040386656561,-0.025783733500725936
-0.04545454545454547,0.010227043468814312,0.0016790769731401811,-0.013382130147062521
-0.042613636363636354,0.003621167038598272,-0.013738401417093704,-0.0011286002478609891
-0.03977272727272729,-0.001892759222333118,0.008218665796343727,0.0005926301900606168
-0.03267045454545453,0.011024461981399725,-0.010548210977132988,-0.008418226144827845
-0.025568181818181823,0.055591145833333355,-0.06266016701515309,-0.033445548468631736
-0.05255681818181823,0.01423094434901373,-0.006968483111793156,-0.02101089921054894
-0.03693181818181818,0.006742363136232887,-0.009664952917917025,-0.01818583247902228
-0.042613636363636354,-0.007387473232844166,0.004180283586005251,0.004606952031353528
-0.02982954545454547,0.002725155279503122,0.0013741216822418245,-0.00156029778365524
-0.04403409090909094,0.011967045989681124,-0.011032442574826273,-0.017161244614754545
-0.03693181818181818,0.0036325895173845435,-0.03194403870148377,-0.010075920814503647
-0.03693181818181823,0.016349268039901554,-0.02682559504818882,-0.012564058892071683
-0.059659090909090884,-0.011032640515222458,0.003229742913514022,0.008926016314042329
-0.06392045454545453,-0.003909589440980743,0.004740357678264806,0.0015685760482280764
-0.03835227272727276,0.009617186036345537,0.002090889850532851,-0.010928180770669316
-0.024147727272727293,-0.0016088573201704648,-0.007337131655125562,-0.00966278759068262
-0.04403409090909094,-0.0035825447556976364,-0.008031651672252726,0.0041844030256829035
-0.042613636363636354,0.01213949534531733,-0.02074319902907301,-0.020957981284104865
-0.05255681818181818,0.0010178195927689204,0.004102481430006133,-0.012663908496939213
-0.05539772727272729,0.014465392561983426,-0.005636896769648181,-0.02937396951437332
-0.051136363636363646,0.05716196881182223,-0.045762734025867946,-0.03750252380989516
-0.02982954545454547,0.030957764782326036,-0.023880285558580516,-0.04958131279631045
-0.049715909090909116,0.018792234093116367,-0.008772172034709869,-0.015561077614736185
-0.03835227272727271,0.016955069586648608,-0.03001397909879755,-0.011876947350441314
-0.03409090909090906,0.008870200264812778,-0.008735534632646258,-0.01451164174112407
-0.034090909090909116,0.008177135054617701,-0.0006029703563460442,-0.01598704609538204
-0.042613636363636354,-0.01747888239116313,0.023341562452467435,-0.0018178651872313711
-0.02982954545454547,0.02173183029902248,-0.02101639586933768,-0.011178863335318201
-0.042613636363636354,0.009800216402031547,-0.013737907028619545,-0.0024417981029043467
-0.058238636363636354,-0.009511658783503463,0.006205980704107217,0.014758766430130021
-0.05681818181818182,0.008681310714803603,-0.010400230562509716,-0.008473042717620172
-0.058238636363636354,0.04493540779697813,-0.06546861888373945,-0.025137189380703306
-0.06392045454545453,-0.010734035618915394,-0.008515455297669006,-0.0044973694847663115
-0.06818181818181818,0.02074063178023766,-0.021765226292587536,-0.023876742437997145
-0.05539772727272724,-0.0007416825598642873,-0.016937275064024482,-0.018230110697710578
-0.034090909090909116,0.02566447113521897,-0.036563303921157086,-0.03198143688463717
-0.048295454545454586,-0.002792684262402867,0.008732150639862768,-0.005795167792110145
-0.035511363636363646,-0.0020598999255644346,0.014346982037063749,-0.012842935921122567
-0.04545454545454547,-0.018501486146619173,0.005748429275169775,0.01871276234540792
-0.04545454545454547,0.007591019919001574,-0.017991521448271097,-0.006871818253790685
-0.05255681818181818,-0.02759922430510664,0.01959917584777282,0.014720362122526087
-0.05397727272727271,-0.006919973310536176,-0.001775068877607755,0.013229474557662824
-0.0028409090909090606,0.019470658422822362,-0.023604741003204366,-0.0018043729367595018
-0.026988636363636354,0.011612308425397844,-0.018014499780025783,-0.028690268666777707
-0.04545454545454547,0.03132635298128528,-0.03774293160577058,-0.026656837565318614
-0.05255681818181823,0.008009573236291478,-0.015445508525907037,-0.006371912450719441
-0.034090909090909116,-0.005382231404958637,-0.014186942513832457,0.005017228897020332
-0.046875,0.06694526088506181,-0.04277059873261202,-0.06187915900429797
-0.026988636363636354,-0.0052380362013388915,0.01696197743736927,-0.002443517384808913
-0.05397727272727276,-0.02709208208720093,0.015687246806476873,0.010332993457880302
-0.046875,0.05315000598711983,-0.051350393745449086,-0.03220863323959261
-0.0625,-0.0178988853544636,0.012431518382873263,0.0012489754146043919
-0.03977272727272724,0.00608725758194284,-0.014373548410763437,-0.014233236858537834
-0.05539772727272729,-0.0020674143295708047,0.008953325223139297,-0.004985969729683903
-0.05539772727272724,0.007268913640966268,-0.00857558085474397,-0.004560150918410666
-0.045454545454545414,0.039967744603424005,-0.017511571584078844,-0.034910523483731415
-0.046875,0.020400775694893403,-0.009947136485611408,-0.013181320925830686
-0.03977272727272729,-0.017016194080784253,-0.004244230508445579,0.013738052543386892
-0.03835227272727276,-0.0032018978803901588,-0.013025041709392615,0.005910172372356082
-0.04829545454545453,0.03977428036754338,-0.027525934625955095,-0.04418756442336763
-0.06392045454545453,-0.0002773112728327032,0.004034169425710499,-0.0022851833358564777
-0.04261363636363641,0.027846136965688162,-0.020107039790340342,-0.020782997097378797
-0.035511363636363646,0.015025033101621954,-0.02494000156622278,-0.017241715906211208
-0.045454545454545414,-0.00390546299883765,-9.859895414210396e-05,0.003095915363046986
-0.05681818181818182,0.014638242894056908,-0.004998581362769539,-0.012831882761619895
-0.035511363636363646,0.0317752100840335,-0.024717691904268146,-0.03254732618907058
-0.035511363636363646,-0.002982190860215006,-0.006665755139047602,0.02055486524262623
-0.044034090909090884,0.028479526671675526,-0.020127108788618786,-0.03269379651591475
-0.026988636363636354,0.00488738002169864,-0.024381694364185913,0.0012251811886878072
-0.061079545454545414,-0.013001100212294503,0.00654283967529401,0.010931692291184514
-0.034090909090909116,0.016058967246731504,-0.0005468194488001954,-0.013896009579238089
-0.029829545454545414,0.013949512585479495,-0.009646889980259865,-0.03547047700522643
-0.06534090909090912,0.014330764928851214,-0.016232440255967373,-0.03217744174691567
-0.03977272727272729,0.00550387156427723,-0.005678954441077133,-0.00736339008756598
-0.04119318181818177,0.06078674948240159,-0.037205013100758744,-0.05321916324762538
-0.046875,-0.02146865405360554,0.00476497848551255,0.0075150673438376114
-0.03267045454545453,0.03970548260287721,-0.030322510710756978,-0.027422040930127456
-0.0625,0.021674186862656875,-0.01933316589872147,-0.02394301609793048
-0.05539772727272724,-0.003292621733889889,0.002212483887053862,0.011372616020518533
-0.04119318181818182,0.022351810416548323,-0.018655625530518694,-0.01917785097326391
-0.04545454545454547,0.005389178240740811,-0.01431512536256141,-0.013827137147172652
-0.03693181818181818,0.02503903838471866,-0.026556664262937735,-0.01738225287072559
-0.05965909090909094,0.008251541510965077,-0.017549219812990624,-0.023372397433723324
-0.059659090909090884,0.047865469316607734,-0.025255445848268554,-0.05207459411673343
-0.04829545454545453,0.01829864253393676,-0.006430172412113522,-0.01898717019006657
-0.05681818181818177,0.008904581199943973,0.012170205135398016,-0.023451500027057204
-0.042613636363636354,0.01381708661295078,-0.005155834647062818,-0.017940646522581927
-0.026988636363636354,0.04212919896640832,-0.030661577874248447,-0.0511632693969562
-0.046875,-0.014995408774687524,0.012578088007385968,0.002201512300515962
-0.05397727272727271,0.006185266684353707,-0.009703223664311145,-0.007711535405102277
-0.028409090909090884,-0.0026628812997346873,0.006726518377528745,-0.0034084914830216917
-0.03977272727272724,0.004086842105263222,-0.0006231089401966261,0.002713729650676955
-0.07102272727272729,0.013533686999912087,-0.021506251757004047,-0.022744279547200597
-0.04971590909090906,0.0080608467249903,-0.020162284674485886,-0.0018574334804291603
-0.05681818181818182,0.030148983028889798,-0.029872479010463526,-0.006991687410435765
-0.021306818181818177,0.024749962449047258,-0.027426037371359402,-0.02812880594524869
-0.04829545454545453,0.0278105590062111,-0.014133928509158011,-0.03262971458909153
-0.01278409090909094,-0.005360737862259324,-0.0059240617342367075,0.015129467317120227
-0.06676136363636365,-0.0076018099547512374,0.01209979346657758,0.010874230360125858
-0.024147727272727293,0.023149965902750425,-0.009073154552110552,-0.03192455564302893
-0.05681818181818182,0.0029708275764245284,-0.005082246755309328,-0.018836721835825687
-0.029829545454545414,0.02325743602461372,-0.03410689457340599,-0.010466503950584738
-0.06676136363636365,0.0013499383554161914,0.02274470793857769,0.0016201415899509963
-0.051136363636363646,-0.01023154787886349,0.0015849987756755834,0.0038069690747750684
-0.049715909090909116,0.003929598146884317,-0.007233448079340288,-0.0025063716988572016
-0.03125,0.010955569080949523,-0.012309307816507187,0.0006480099717486865
-0.034090909090909116,0.00997245924853829,-0.007382676086656659,-0.01603496694444373
-0.03977272727272724,-0.00040749796251016157,0.007455948311710647,-0.004237294385425694
-0.06107954545454547,0.021502751176075252,-0.017545500553451887,-0.02801397712716669
-0.07102272727272729,0.029241895905979587,-0.018725233265340258,-0.021114776037776617
-0.03409090909090906,0.03889801442178553,-0.02656554191610805,-0.021275952303654033
-0.05681818181818182,-6.244925997622719e-05,-0.0039350031603196944,-0.013065484614366019
-0.06392045454545459,0.0028216000498846316,-0.0014712067447545385,-0.005926581062578706
-0.04261363636363641,-0.007756042378003203,-0.004073269278102698,-0.005514070655817327
-0.05823863636363641,0.023458282325838464,-0.040117318905006694,-0.015822541616018315
-0.032670454545454586,0.026329655343416913,-0.027530651275455398,-0.04072330457427875
-0.03977272727272729,0.03541289933695002,-0.02344382916838772,-0.03299881603881727
-0.04971590909090906,0.024465237166991338,-0.023441134848223577,-0.02586271591867273
-0.026988636363636354,0.023154499660901107,-0.02141878121625418,-0.030290443231312858
-0.04403409090909094,0.009107675729442932,-0.01056938317022249,-0.01655267895703838
-0.03409090909090906,0.006253390158853178,-0.006529298900510294,-0.0017411113779889908
-0.04971590909090906,0.041488228235683544,-0.03510027968209739,-0.04000374494620024
-0.03835227272727276,0.03762202420534655,-0.014088653480903601,-0.029894813337750348
-0.07386363636363635,0.007951998094833823,-0.015755163890606994,-0.012556628100799383
-0.019886363636363646,0.019320505017401013,-0.0327955451732046,-0.019988168085236957
-0.03693181818181818,-0.020655802284837543,-0.0004778652774005687,0.001194564524106656
-0.06107954545454547,0.0317529360591563,-0.014207164840699005,-0.026379651704471263
-0.05113636363636359,0.01650386639874779,-0.013500896931754713,-0.021127221339619584
-0.042613636363636354,0.03144448762793095,-0.028105903029858936,-0.022794499874904006
-0.044034090909090884,-0.00267961988712484,-0.00486725730470372,-0.004678508062166242
-0.06392045454545453,0.013579154833403106,-0.01779181816909603,-0.01569120286585035
-0.035511363636363646,-0.013408445458354734,0.004337116298265498,-0.002279651521811865
-0.08380681818181818,-0.002476715203988067,-0.00542199486747702,-0.015525797669139807
-0.035511363636363646,0.011393418753639972,-0.01296488635061016,-0.019327237046651513
-0.06818181818181818,-0.05106472075313684,0.030553321278214418,0.04265612992819928
-0.03267045454545453,0.015420014570917906,-0.031018899804538647,-0.019600499511124303
-0.05681818181818182,-0.0075516796200569836,0.0039107238233120345,0.004580122821704946
-0.05397727272727276,0.027013861899209846,-0.038636458858545,-0.02530586478749114
-0.04119318181818182,0.014409638803209446,-0.022422197236335317,-0.0073601325485279645
-0.05539772727272729,0.045359679710706535,-0.03478229534265309,-0.04115867517413768
-0.04545454545454547,0.01624298240080746,-0.022291067028718525,-0.007332601665499705
-0.049715909090909116,6.212498511581899e-05,-0.00015655709312517585,-0.009377763626410685
-0.028409090909090884,0.03562644675925919,-0.03666669467444128,-0.018293343000226614
-0.046875,0.013292065923644958,-0.027352715751031487,-0.028593767292139527
-0.06676136363636359,0.012096942067903238,-0.019981462817561968,0.0074479598537242064
-0.02982954545454547,0.02030252100840335,-0.019713815286965808,-0.02727657022128821
-0.07528409090909088,0.016475155279503162,-0.0007966876480087759,-0.011502361687058815
-0.06818181818181818,-0.02965000645744531,0.0190064968729311,0.01241855833009703
-0.04403409090909094,0.006633018271496649,-0.025224137597500473,-0.012118251261560187
-0.034090909090909116,0.002321809513478934,0.001790768928137454,0.004281997453378428
-0.06818181818181823,0.003523382447149226,-0.000435003006912682,-0.005402208304932543
-0.048295454545454586,0.04203777561943334,-0.010904694003595006,-0.04342446712590187
-0.078125,0.030041222415075564,-0.04716287778368189,-0.018111826710004053
-0.03835227272727271,0.0373117345249917,-0.03883110058873529,-0.03072152225069319
-0.0625,0.03391354216718068,-0.032595495008804654,-0.0277719317755738
-0.028409090909090884,0.022801387504154058,-0.01886503142610163,-0.02406930954348191
-0.03835227272727276,0.009009427870334541,-0.014408540770317113,0.004742534861379433
-0.03693181818181818,0.028101739545105864,-0.030543769903751072,-0.02806709967093507
-0.03977272727272729,0.022201715340353867,-0.019795172068058697,-0.013306360621987479
-0.044034090909090884,0.030214130644162007,-0.027568617366886317,-0.020364693109530818
-0.06534090909090912,0.017683257918551964,-0.03395447372809984,-0.018296488471899575
-0.03693181818181818,0.038927693166084465,-0.022949406240254322,-0.04672194527551787
-0.04119318181818182,0.0007168421544743175,0.0010655191350028015,-0.012501921364446222
-0.05397727272727276,0.00849130203408932,-0.019270595586277417,-0.007291929996911917
-0.04119318181818182,0.023838402687068494,-0.005170083319035068,-0.03921041025805422
-0.026988636363636354,0.022043606034893082,-0.018822246958696498,-0.02272212584169725
-0.05255681818181818,0.04044214608920493,-0.026744869566217466,-0.03560623825820891
-0.04403409090909094,0.033376567675525326,-0.039364084906680585,-0.01874323527132138
-0.051136363636363646,0.024076257861635253,-0.022658669954254584,-0.03160730524426403
-0.044034090909090884,0.003406666632229882,-0.01976071364996579,-0.0033413531788615836
-0.022727272727272707,0.020688678651591075,0.002621383748627637,-0.017966442858191434
-0.025568181818181823,0.029441814883546358,-0.006029325251250217,-0.029234821703812364
-0.048295454545454586,0.007135853578821183,-0.004243740177771793,0.004603102062525788
-0.018465909090909116,-0.003507684360067098,0.013501155395531095,0.005457908472386863
-0.07528409090909088,0.006885948369792949,-0.008550068856895854,-0.01568018235831109
-0.03409090909090906,0.0015377354576383562,-0.0043876467122401785,-0.007939421946638214
-0.05255681818181818,-0.008560723514211888,-0.01749625113137171,-0.001693111221037158
-0.024147727272727237,0.01762703053931136,-0.019085515160528754,-0.013207091288519046
-0.04829545454545453,0.0359569153421474,-0.014746659304501697,-0.015886100566821437
-0.04119318181818182,0.031870493513774356,-0.02546263706866425,-0.022754835825442077
-0.04829545454545453,0.022643389967763494,-0.0006961322176032847,-0.02648401911344056
-0.05539772727272729,0.018507011329977785,-0.030869201750706232,-0.018470478890197928
-0.046875,0.022930938140276025,-0.031258775536691985,-0.029291509512290648
-0.06960227272727271,2.6000499209422046e-05,-0.0012069907964770699,-0.006279754809850935
-0.02982954545454547,0.04054581708567828,-0.028205467143328167,-0.029215542822593144
-0.06392045454545453,0.01892028906787524,-0.03022983871728019,-0.02057314373973884
-0.04971590909090906,0.023149302093718793,-0.031175653555539196,-0.031316855916940944
-0.024147727272727237,0.030898686961438937,-0.027318562010268665,-0.024742768605007348
-0.05539772727272729,-0.0066176317271001706,-0.014818399234140633,0.010368015329049296
-0.03693181818181818,0.02150579290182275,-0.016998826570572445,-0.016409337405101476
-0.009943181818181823,0.0299941758881771,-0.016926147153187687,-0.030834434781384146
-0.0625,-0.017156596883248443,-0.0029521283932898434,0.0005472287395440478
-0.01704545454545453,0.022686489980607627,-0.008095899479163893,-0.026369869246473443
-0.05823863636363641,-0.0002509364846127182,-0.0070711278707703,-0.00211891093241684
-0.05823863636363641,0.02149548343927732,-0.013427066435387658,-0.028049065199792
-0.058238636363636354,0.03111053719008261,-0.027955799678806348,-0.032513923340469264
-0.06534090909090912,0.023910892883964974,-0.013901757460916375,-0.03223407545894791
-0.035511363636363646,-0.0006147488053727113,-0.0029622580893068906,-0.0033395263227309346
-0.034090909090909116,0.027585521913683575,-0.03542533555036376,-0.02537242916853305
-0.008522727272727293,0.020581170942501892,0.0022578628628965314,-0.015348941255294568
-0.03977272727272729,0.03550357374918789,-0.021231448948803078,-0.015166209818278265
-0.02840909090909094,-0.0019739131789872078,0.011831478241503768,-0.006539184642478435
-0.06107954545454547,0.014063541779728017,-0.0158553587955077,-0.008057825495863757
-0.06676136363636359,-0.037138812988992576,0.018781878597931123,0.01328134960540267
-0.06676136363636365,0.03232188610628972,-0.04393376646368641,-0.02812487166705452
-0.049715909090909116,0.0365463108320252,-0.025626557595573862,-0.028184220487339262
-0.044034090909090884,-0.017071441875866622,0.011203575839314361,0.0240271115088031
-0.04119318181818182,0.008293697205977946,0.0027078820446103657,-0.015433275562120097
-0.05681818181818182,0.020307232528799846,-0.023545391385690284,-0.02585618012884555
-0.0625,0.01947470101672455,-0.03217933669040357,-0.022861829070926654
-0.044034090909090884,0.02284902492573937,-0.024091118056778438,-0.04239437665692358
-0.05539772727272724,-0.022608173325876724,0.012038068632647947,0.005604790231849455
-0.04545454545454547,0.042001292824822234,-0.0302689013273697,-0.037973122921066416
-0.024147727272727293,0.03889399342812194,-0.03349603956403813,-0.022531947578094347
-0.042613636363636354,0.013126621691748719,-0.005022302487236174,-0.008231464941384048
-0.06676136363636359,-0.02750290432329272,0.014537519117495623,-0.003237241388287293
-0.04119318181818182,0.009970262765251925,-0.018535444462398132,-0.009936239518313461
-0.03125,0.038140255714839255,-0.01820671197818058,-0.029388977103099734
-0.022727272727272707,0.013729309169060344,-0.011857366241799616,-0.03156219801661114
-0.04545454545454547,-0.0005066406108638066,0.021288849901433538,-0.0017830955712589969
-0.05681818181818182,0.009230122133599195,0.0016806075348769767,-0.02023629547203043
-0.058238636363636354,-0.00045061143309998997,-0.002085306373872331,-0.0012302873960177152
-0.04545454545454547,0.016306902411685975,-0.017982788985426823,-0.015415665732353034
-0.05539772727272729,-0.005825812178985812,0.036187868247657407,-0.01413333127993549
-0.042613636363636354,0.03678402385370838,-0.022899219731146725,-0.022519296964642832
-0.07244318181818182,0.007538377192982448,-0.007002046530108996,-0.01167245522526239
-0.021306818181818177,0.03242322588673252,-0.03706623266396192,-0.02938857120291799
-0.03693181818181818,0.04381148833434145,-0.0371291579275384,-0.0233780975208025
-0.04403409090909094,0.01683793935448541,-0.019369004208786456,-0.021015658338685406
-0.051136363636363646,0.01669304452168152,-0.018365352198761453,-0.016670111369353757
-0.06534090909090906,0.02100886084481335,-0.017367796145984105,-0.016167763922905976
-0.05397727272727276,-0.017863967874177433,0.02739401859372509,0.003546744249102729
-0.03267045454545453,-0.001203910383597906,-0.00833675605422285,-0.005182849285086166
-0.035511363636363646,0.015145504371655849,-0.009315385666831655,-0.01752052250887831
-0.058238636363636354,0.022613363921957563,-0.02780272795671046,-0.017864337016798126
-0.04829545454545453,-0.011004565972853597,-0.0073174682438205685,-0.0019817118775757314
-0.06392045454545453,0.00192372333548807,-0.015845090325722455,-0.002208370795979464
-0.05397727272727271,0.012281405046881688,0.0005387904689624357,-0.01912186810135147
-0.06676136363636365,-0.002777045843214365,-0.012693435903311734,-0.008158810972795638
-0.05681818181818182,0.017968992248062032,-0.0367127934531129,-0.026552778434970448
-0.021306818181818177,-0.0014521715270839897,0.00110762595863656,-0.001150436545273803
-0.02982954545454547,0.02325569358178048,-0.02339005906428704,-0.024230210737470725
-0.0625,-0.023179287650820557,0.011903998948862848,0.005830174416845413
-0.022727272727272763,0.020366145744422193,-0.016957777370247784,-0.019820774179067358
-0.05539772727272729,0.012286167470072495,-0.008616829138175408,-0.013577379745278784
-0.06107954545454547,0.030017161525101477,-0.025137908429371414,-0.024579220367353605
-0.03977272727272729,-0.0002801425614368247,-0.009820084916733973,-0.008854777800814062
-0.046875,0.03822333388801069,-0.025280235436014653,-0.02417487544785335
-0.044034090909090884,-0.0005303296839753724,-0.013611570665309325,0.00903573417303899
-0.05539772727272729,0.009861535360426776,-0.013518100094347174,-0.01216631141727581
-0.025568181818181823,0.02411889662443989,-0.03381695097287929,-0.01404598919194977
-0.02840909090909094,0.020177969431862786,-0.012611631464676198,-0.013136821720339364
-0.05255681818181823,0.032158078264238554,-0.02609465877664985,-0.028064512577160305
-0.034090909090909116,-0.02104960079684992,0.017877844420840838,0.008696576928632072
-0.04971590909090906,-0.007685378367044748,-0.00943298524707098,-0.01825650384854416
-0.044034090909090884,0.022977715891964068,-0.016517946287452623,-0.011219436843082797
-0.044034090909090884,0.017606786105728967,-0.007283793251223247,-0.021973365944302603
-0.03267045454545453,0.0046473539273885756,-0.003499144786913988,-0.0015083726703509215
-0.04119318181818182,0.038430047300926695,-0.02762313023108065,-0.03090152305839794
-0.03409090909090906,0.021920460491889115,-0.032880248729054096,-0.016057073408325184
-0.059659090909090884,0.0020492757673139517,-0.005350449259634349,-0.008754542525326314
-0.051136363636363646,0.019603288529296492,-0.005660067961470228,-0.017817276583689923
-0.059659090909090884,0.030509043927648638,-0.02952445223170952,-0.02520220287665409
-0.03267045454545453,0.016478685993652764,-0.012655015656376944,-0.013613464642318829
-0.051136363636363646,0.047883387406749134,-0.0552026244690379,-0.044267700089629325
-0.07528409090909088,0.009062663171880425,-0.0031058042850656276,-0.004826610848125135
-0.04119318181818182,0.029651509262857867,-0.028708537653713395,-0.03443138217709607
-0.0625,0.008078396105003605,-0.005241225770186486,-0.01604594494241318
-0.04545454545454547,-0.003651697041321955,0.0027145509835094783,-0.00504674456890436
-0.06392045454545453,-0.021698750422154633,0.010231462009497094,0.012161019817258534
-0.04403409090909094,0.04535633775686021,-0.029772254993293057,-0.050110442511040854
-0.046875,0.020433989844988787,-0.019481898948607357,-0.01379106030010152
-0.026988636363636354,0.04458914728682173,-0.04632590182971552,-0.021521969508195016
-0.051136363636363646,0.022940240452616667,-0.024303799873435894,-0.014696862080626816
-0.05397727272727276,0.024453503211040006,-0.03286885118472105,-0.04508656806758288
-0.04403409090909094,0.02619723140238195,-0.012819994258414957,-0.030656151268042164
-0.04971590909090906,-0.02002984389348017,0.004506492071538637,0.013034789307683703
-0.06960227272727271,-0.0022048423329728006,-0.019923743889112555,0.011345527540926603
-0.022727272727272707,-0.012892628577626963,0.011211864799642923,0.01063449606135286
-0.03693181818181818,0.02924838217608383,-0.03516560166517946,-0.03232058056714021
-0.06676136363636365,-0.009232090830526007,-0.00030092010381349565,-0.011468525068070057
-0.03977272727272729,-0.0035116615131220996,-0.004770438972696911,0.022270587592101043
-0.07102272727272724,0.012290335256768259,-0.0021106249840471825,-0.023635733075446974
-0.05681818181818182,0.017950148809523836,-0.01795194887446966,0.0014640468917755944
-0.042613636363636354,0.030536884905816852,-0.013651061670063858,-0.03728978930610882
-0.061079545454545414,0.012023763399199305,-0.0038344057566351286,-0.012968393807487433
-0.049715909090909116,0.024736031903463185,-0.02265173480110294,-0.01007366838744539
-0.06960227272727271,0.031245469044512197,-0.0426700487482351,-0.03849600060248032
-0.04829545454545453,0.016456430332028482,0.0009712894336624811,-0.017539308245300866
-0.02840909090909094,0.03571825735150047,-0.027631367847321453,-0.013155543375825085
-0.03693181818181818,0.02008911244624534,-0.013002870268668254,-0.013415806965366983
-0.058238636363636354,0.013931448591611106,-0.012184714588392709,-0.009424197362964293
-0.044034090909090884,0.013388411750062224,0.012492202509438666,-0.019367364996189684
-0.05255681818181818,0.003161957313576158,-0.001083056853644071,-0.022070691076441495
-0.05539772727272724,0.021153199741435036,-0.029865688305223792,-0.030370337946715564
-0.049715909090909116,0.009357356488679747,-0.02082412831378272,0.002585103534436195
-0.04829545454545453,0.013383961213186302,-0.01316956487703036,-0.012544556758497971
-0.042613636363636354,0.030120513179670017,-0.043720599906588276,-0.01669726915334402
-0.07954545454545453,0.018412777226084254,-0.02023032189078272,-0.02702003481223625
-0.025568181818181823,0.030288299935358642,-0.019890984517271337,-0.03214615312284552
-0.06818181818181818,0.007067943456452452,-0.01506416116916992,0.0005660938662520043
-0.03835227272727271,0.025358089635244108,0.002583576703532209,-0.028502252922775473
-0.06818181818181818,0.00291386470749877,-0.019503468045765415,0.00025619584023933717
-0.03977272727272724,0.004775212447698074,-0.017294667748266324,-0.0019500225439114116
-0.035511363636363646,-0.030856710414463806,0.029174025866140207,0.018646883263535974
-0.05397727272727276,-0.008478378829618438,-0.005086465578945987,0.007197517287972022
-0.049715909090909116,0.004713545567717525,0.001414674398154403,-0.016525177621378673
-0.04545454545454547,0.025186046511627924,-0.013477503738080265,-0.016196814090062073
-0.046875,-0.014144702842377233,0.003920285205567142,0.02289971500249277
-0.05681818181818182,-0.0030361901397840674,-0.009146589514889447,0.0016633112328485744
-0.04403409090909094,0.019401379124829976,-0.04322053020167549,-0.023709993691403253
-0.06960227272727271,0.002332206361132072,0.0014990200137229848,-0.012693080251220457
-0.046875,0.023052042599218003,-0.024724879988308357,-0.021069758356142332
-0.06676136363636365,0.009098181402621086,-0.016669943265626652,-0.004175858576547231
-0.04403409090909094,0.018108287247043053,-0.033396810526114096,-0.009342762069724342
-0.044034090909090884,0.051320414787817126,-0.036713279757001116,-0.035046110609317005
-0.032670454545454586,0.015604938271604807,-0.00895931999878391,-0.016392632192481438
-0.06392045454545459,0.05703604889247382,-0.043968713380244995,-0.03469397929543089
-0.024147727272727293,0.024220586336045513,-0.01807280942798206,-0.024456545081747938
-0.058238636363636354,0.018286920362903136,-0.008533864225585885,-0.024059257737300443
-0.02982954545454547,0.00795958025650989,-0.00550250435127142,-0.0027884136492295486
-0.03267045454545453,0.04442943712190606,-0.028949089852688792,-0.03430431113277482
-0.03267045454545453,0.0287682626934761,-0.03716718421554954,-0.01155252078063379
-0.06534090909090912,0.03703129201050648,-0.026118935318133696,-0.03577836214258179
-0.06392045454545453,0.005787545408977968,0.013111018496554161,-0.008499436686301931
-0.051136363636363646,0.019091796622776935,-0.02269690134018043,-0.02272837541619316
-0.026988636363636354,0.0036340715608610408,-0.007904520347507382,0.006915642884885997
-0.058238636363636354,0.000929924986051045,-0.003266024739407125,-0.0021668593370166578
-0.06534090909090906,0.04867220067048572,-0.05534652286615699,-0.04573515447510873
-0.029829545454545414,0.007978877887788838,-0.009934989306968844,-0.015077348644688238
-0.04829545454545453,0.02201280669761274,-0.015270872937941438,-0.01716626600215082
-0.05397727272727271,0.022356832790716985,-0.02375944302059929,-0.029532744952131762
-0.04545454545454547,0.02011182141674961,-0.028797472939765645,-0.021193943427400108
-0.02840909090909094,0.022492264357405034,-0.012353594680027391,-0.017781800234495715
-0.042613636363636354,0.02611704987180552,-0.03192042203870443,-0.011769184947957978
-0.05255681818181823,-0.002713178294573515,0.001910743807319426,-0.0011625138387260647
-0.035511363636363646,0.006755325469772866,-0.017871949520895103,-0.011123836153245359
-0.05255681818181818,0.007487727583421422,-0.027486608088206632,-0.014882540182084125
-0.05255681818181818,-0.011188074318565722,0.0006983256261816062,-0.0015104813475576018
-0.03125,-0.003380562927096653,0.008799684777639816,0.0002449679161961038
-0.04545454545454547,-0.00381823935587966,-0.02066970580709876,-0.0020589161130535882
-0.04971590909090906,0.007375455147302201,-0.024322556780763283,-0.006250262815131691
-0.04829545454545453,0.050882709718397034,-0.03482616269455313,-0.03046969798339999
-0.045454545454545414,0.02322584310869369,-0.017376317735903535,-0.031039925917111966
-0.035511363636363646,0.010641025641025648,-6.265307111918972e-05,-0.010217601903078188
-0.035511363636363646,0.03003484176248583,-0.02717156106311336,-0.025479467589181015
-0.051136363636363646,0.010716352513227445,0.007592419082995794,-0.006602255699394266
-0.046875,0.0032102936011075833,-0.013835848367994452,-0.0061403050295018025
-0.05255681818181818,0.04142496293732667,-0.0513778328090827,-0.025634189234105764
-0.035511363636363646,0.0008597873321213312,0.012444320706581136,-0.01700808634051576
-0.03409090909090906,0.037487275151277144,-0.04150910153255172,-0.030136812969779214
-0.042613636363636354,-0.0103990613968441,-0.004303874468327751,0.008381745167091392
-0.034090909090909116,0.027510615903894253,-0.027062806488922952,-0.023613563401343074
-0.058238636363636354,0.014439027958472406,-0.018262761800824256,-0.017998382141026892
-0.024147727272727293,0.029834513900729,-0.02592473174301413,-0.029990563065317444
-0.026988636363636354,0.025919352733916212,0.0027674799345857037,-0.02998364805573378
-0.05539772727272729,0.008182354036111006,-0.016592413743184098,0.0013380567564518775
-0.06960227272727271,0.05176629311057812,-0.02381993942487831,-0.03436765736136016
-0.03693181818181818,0.041420102877216425,-0.04059712647022973,-0.04277407555964485
-0.04545454545454547,0.024219460285973993,-0.02067208908876228,-0.03335468485788168
-0.044034090909090884,0.041657411759844276,-0.0518112186685179,-0.04110238435148106
-0.029829545454545414,0.0022111062780919566,0.011261465087657463,-0.013825515523887777
-0.012784090909090884,0.04738270888594176,-0.041847655540779294,-0.04440194957038729
-0.03977272727272724,-0.022597718806004363,0.019248123822250385,-0.0013356644538238815
-0.035511363636363646,0.025232324386658456,-0.019689229906357464,-0.017672788963500996
-0.05539772727272729,-0.026003960396039694,0.008639108594430123,0.010166874363429446
-0.049715909090909116,-0.0019417627556871375,-0.010608829825782595,0.005037808697869239
-0.04545454545454547,0.020116669429708134,-0.01698421728614341,-0.015450877739738966
-0.078125,0.018079221888109176,-0.03235297286002281,-0.016231721879492844
-0.03835227272727276,0.011762949459391492,-0.01197158246073382,-0.012334176162175026
-0.06392045454545453,-0.012158555729984366,0.02347998701660703,0.002917506052016239
-0.028409090909090884,0.012626850687490587,-0.011225555521413022,-0.009314397583690015
-0.06960227272727276,-0.016619544729592595,0.01045292244207463,-0.0009014119714972346
-0.07528409090909088,0.006417034687234313,0.0016118825316772112,-0.0078008629609337965
-0.046875,0.021813314277429163,-0.019050918610973744,-0.008334017837001662
-0.018465909090909116,0.017621984305868477,-0.02861027919626674,-0.02590631029188034
-0.07386363636363635,0.0021565194035092494,-0.01847234833962874,-0.007818648054833066
-0.046875,-0.0014285714285714457,0.004459944104174107,-0.0012511408447886674
-0.03977272727272724,0.03295160847563838,-0.006045849226379629,-0.030516818300659942
-0.04545454545454547,0.05541769416484421,-0.04680411526714179,-0.035651260672289464
-0.034090909090909116,0.026713807650077914,-0.02945583486383907,-0.02293476604666289
-0.03977272727272724,0.007596153349283541,-0.010684175436999399,-0.005591809466329256
-0.05255681818181818,0.030143137224472483,-0.023678600454237586,-0.026905762817169165
-0.04403409090909094,0.01759366710875343,-0.02014566491599562,-0.015745511534871193
-0.05255681818181818,0.006592642196024623,-0.004728078285425152,-0.009717238389367
-0.04403409090909094,0.01948192845777108,-0.008134441623545763,-0.013037867998666908
-0.05681818181818182,0.02360172256296489,-0.018168821619468034,-0.029635785358763156
-0.06960227272727271,0.03192352828657252,-0.017765435064475144,-0.03017166691179629
-0.06107954545454547,0.015205696532454849,0.007198988469053924,-0.020644023268709344
-0.05397727272727271,0.016341915188642142,-0.014552623162817468,-0.02919027282801029
-0.03125,0.0321984692531011,-0.02777602311225169,-0.04408563957097489
-0.05823863636363641,0.00012409257305945331,-0.023325351729018506,-0.007133666233321068
-0.06818181818181818,-0.019931025911887112,0.012058797359655482,0.020537870597620134
-0.03977272727272729,0.021142732865220948,-0.011128046911823342,-0.01793561424958623
-0.025568181818181823,0.024617180880742384,-0.012014370247645567,-0.021794494753235083
-0.06960227272727271,0.011918666521317012,-0.017070792188118633,0.00030508994093259023
-0.06107954545454547,-0.00798536275254691,0.006139188372339788,0.011461748129628191
-0.029829545454545414,0.01532186193185714,-0.013032226354503296,-0.0230269810298544
-0.05255681818181818,0.022421976794688714,-0.022184815596109853,-0.02799811969343108
-0.03977272727272724,0.016428008952254602,-0.009807461473011925,-0.01946631263506232
-0.06392045454545453,-0.017151360235597934,0.015064192697930856,0.017780238433225293
-0.06534090909090906,0.013369565217391188,0.007895986186513437,-0.011287768743457716
-0.045454545454545414,0.009113924050633049,-0.010140709826860661,-0.011411945043333871
-0.026988636363636354,0.017623254105020192,-0.024219542896580515,-0.012593472415266371
-0.0625,0.01861663634108024,-0.017567170335754168,-0.005029976187556073
-0.04545454545454547,0.00038526179702647045,0.0026069584841967863,-0.0021153021720810017
-0.06392045454545453,0.019980756397721677,-0.01180937230993545,-0.016583782419558546
-0.059659090909090884,0.01012798965740147,-0.02464176179811195,-0.022497961321465643
-0.07102272727272729,-0.002703038588205975,0.004126935514640773,0.005240518169688235
-0.05539772727272729,-0.007917278006240869,-0.009640885216980033,0.008774519222415178
-0.07244318181818182,0.03283114011294186,-0.02241231325282267,-0.03408521949181603
