fold,question_id,severity,correct,native_confidence,bce_only,bce_plus_order
1,00255101,0.0,1,-0.10237962007522583,1.5486755273741437e-06,0.000975494971498847
1,00255101,0.25,0,-0.5036885142326355,0.0019311888609081507,0.8322092294692993
1,00255101,0.5,0,-1.1026208400726318,3.4662705729715526e-05,0.012007961049675941
1,00255101,0.75,0,-1.128373146057129,3.20855833706446e-05,0.00974226649850607
1,00255101,1.0,0,-1.2045478820800781,5.4661009926348925e-05,0.014079437591135502
1,00866375,0.0,0,-0.4868331551551819,0.9989377856254578,0.9961106181144714
1,00866375,0.25,0,-1.0601985454559326,0.9971339702606201,0.9265961050987244
1,00866375,0.5,0,-0.5960241556167603,0.9897294044494629,0.7596440315246582
1,00866375,0.75,0,-0.8946647644042969,0.9800131916999817,0.6927244067192078
1,00866375,1.0,0,-0.8860723972320557,0.988203227519989,0.692058801651001
1,01179301,0.0,0,-0.013362377882003784,0.009621263481676579,0.3989368677139282
1,01179301,0.25,0,-0.01433277502655983,0.0389321930706501,0.39882558584213257
1,01179301,0.5,0,-0.013897459954023361,0.01851716823875904,0.27882489562034607
1,01179301,0.75,0,-0.014180837199091911,0.0173097625374794,0.25983741879463196
1,01179301,1.0,0,-0.013366827741265297,0.023877983912825584,0.39416345953941345
1,01494763,0.0,1,-0.04664227366447449,0.9780638217926025,0.0024245993699878454
1,01494763,0.25,1,-0.8253362774848938,5.000384589948226e-06,1.822985211674677e-07
1,01494763,0.5,1,-0.8540586829185486,7.201958851510426e-06,2.493091812993953e-07
1,01494763,0.75,1,-0.6632375717163086,7.696138345636427e-05,2.067740069833235e-06
1,01494763,1.0,1,-0.5947617888450623,0.00011434099724283442,2.724837941059377e-06
1,01873723,0.0,1,-0.004220270086079836,0.1649235188961029,0.10606774687767029
1,01873723,0.25,1,-0.18273751437664032,0.7437254190444946,0.4665546715259552
1,01873723,0.5,1,-0.13402435183525085,0.031531739979982376,0.028048668056726456
1,01873723,0.75,1,-0.06949973851442337,0.31333768367767334,0.3989037573337555
1,01873723,1.0,1,-0.1014547348022461,0.2329263538122177,0.40852606296539307
1,02513848,0.0,1,-0.0020495927941131717,0.03439506143331528,0.9830748438835144
1,02513848,0.25,1,-0.20898661847847202,0.6967841982841492,0.8517071604728699
1,02513848,0.5,0,-1.7581839561462402,0.0333825908601284,0.021593058481812477
1,02513848,0.75,1,-0.6135424809375157,0.34270888566970825,0.19849196076393127
1,02513848,1.0,0,-1.0536072235554457,0.06505994498729706,0.03787493333220482
1,03101593,0.0,1,-0.305678930846625,0.0059836022555828094,0.20499739050865173
1,03101593,0.25,0,-0.8743480443954468,3.985836883657612e-06,4.424582584761083e-05
1,03101593,0.5,0,-0.8860101699829102,2.1552139628511213e-07,5.2283162403909955e-06
1,03101593,0.75,0,-1.2274580001831055,2.58889713222743e-07,1.3072463843855076e-05
1,03101593,1.0,0,-0.6991068720817566,2.782213073260209e-07,1.0590529200271703e-05
1,04104534,0.0,1,-0.034302450716495514,0.9436010718345642,0.8765197992324829
1,04104534,0.25,1,-0.0450974702835083,0.8480212092399597,0.8366249799728394
1,04104534,0.5,1,-0.02512107603251934,0.9822370409965515,0.9642415046691895
1,04104534,0.75,1,-0.01882251538336277,0.9868319034576416,0.9685483574867249
1,04104534,1.0,1,-0.025119304656982422,0.9747308492660522,0.9674542546272278
1,04468135,0.0,0,-0.43236497044563293,0.9974783062934875,0.9750031232833862
1,04468135,0.25,0,-0.4589748680591583,0.9041985273361206,0.7154874205589294
1,04468135,0.5,0,-0.4732447862625122,0.7275316119194031,0.4579780399799347
1,04468135,0.75,0,-0.4723454415798187,0.7662474513053894,0.46297112107276917
1,04468135,1.0,0,-0.4723454415798187,0.7662474513053894,0.46297112107276917
1,05199500,0.0,0,-0.5314187407493591,0.004362321924418211,0.013102907687425613
1,05199500,0.25,0,-0.41445618867874146,0.005801404360681772,0.0009588105604052544
1,05199500,0.5,0,-0.7437540888786316,0.0029953967314213514,0.00040193559834733605
1,05199500,0.75,0,-0.6012178063392639,0.0003864745667669922,5.8450852520763874e-05
1,05199500,1.0,0,-0.776405930519104,0.0008897179504856467,8.260303729912266e-05
1,06183018,0.0,0,-0.9030871391296387,3.5379894569587123e-09,1.5366981642728206e-07
1,06183018,0.25,0,-1.0967342853546143,4.2435632785498e-09,1.7938515384230413e-07
1,06183018,0.5,1,-0.7829976081848145,1.3421922631096095e-06,1.5012632502475753e-05
1,06183018,0.75,1,-1.2396341562271118,2.000571299731746e-07,2.4269957066280767e-06
1,06183018,1.0,1,-1.1523460149765015,7.255719651766412e-07,5.433834758150624e-06
1,06774702,0.0,1,-0.06296464294428006,0.9867134094238281,0.0028843057807534933
1,06774702,0.25,1,-0.13130617429851554,0.9902195334434509,0.000948815606534481
1,06774702,0.5,1,-0.18168891198001802,0.3641541600227356,3.1056265470397193e-06
1,06774702,0.75,1,-0.301185135031119,0.1544961780309677,2.205675286859332e-07
1,06774702,1.0,1,-0.31017842376604676,0.16103403270244598,1.8294693404641293e-07
1,07604306,0.0,1,-0.015243696980178356,0.9998875856399536,0.9987862706184387
1,07604306,0.25,0,-0.5245223045349121,0.9996094107627869,0.999099612236023
1,07604306,0.5,0,-0.03908313438296318,0.9637049436569214,0.9412809014320374
1,07604306,0.75,0,-0.08022771775722504,0.9760913252830505,0.9565098881721497
1,07604306,1.0,0,-0.07136822491884232,0.9602294564247131,0.9428724646568298
1,08237593,0.0,1,-0.03349753096699715,0.02026980370283127,0.0026707558427006006
1,08237593,0.25,1,-0.48824870586395264,0.0005084028816781938,0.000371172180166468
1,08237593,0.5,1,-0.41621339321136475,3.205142274964601e-05,0.0003355098597239703
1,08237593,0.75,1,-0.5479034185409546,2.160920121241361e-05,0.0002669549430720508
1,08237593,1.0,1,-0.5225819945335388,8.276711741928011e-05,0.001035067019984126
1,08775086,0.0,0,-0.292028546333313,0.00038722020690329373,0.0015289271250367165
1,08775086,0.25,1,-0.7398343682289124,1.4967157767387107e-05,3.016928349097725e-05
1,08775086,0.5,1,-1.2721025943756104,3.4152751027249906e-07,3.936366283596726e-06
1,08775086,0.75,1,-1.2254350185394287,3.926382703411946e-07,4.08985988542554e-06
1,08775086,1.0,1,-1.3653827905654907,3.656532783224975e-07,3.2929735880316002e-06
1,09161863,0.0,1,-0.03704642388038337,4.730916771222837e-06,2.307099202880636e-05
1,09161863,0.25,1,-0.01984943076968193,4.873411853623111e-06,6.249155376281124e-06
1,09161863,0.5,1,-0.02382527745794505,1.1180212823092006e-05,1.3164555639377795e-05
1,09161863,0.75,1,-0.049442963558249176,3.944637228414649e-06,1.1122933756269049e-06
1,09161863,1.0,1,-0.059777115704491735,5.773169959866209e-06,4.998096869712754e-07
1,09937806,0.0,1,-0.005111008416861296,0.9999371767044067,0.9998785257339478
1,09937806,0.25,1,-0.0064758677035570145,0.9999006986618042,0.9997979998588562
1,09937806,0.5,1,-0.007347329519689083,0.9999029636383057,0.9997735619544983
1,09937806,0.75,1,-0.006483606994152069,0.999935507774353,0.9998069405555725
1,09937806,1.0,1,-0.007352073211222887,0.9998939037322998,0.999758780002594
1,10302229,0.0,1,-0.22084063291549683,0.9762998819351196,0.9887789487838745
1,10302229,0.25,0,-0.9509227275848389,0.30316904187202454,0.7649098634719849
1,10302229,0.5,0,-0.9163216352462769,0.06607744842767715,0.5241312384605408
1,10302229,0.75,0,-0.8704390525817871,0.17124643921852112,0.7640373110771179
1,10302229,1.0,0,-0.9370779991149902,0.1361752152442932,0.7374331951141357
1,10956782,0.0,1,-0.3054973261896521,0.997220516204834,0.5898123383522034
1,10956782,0.25,1,-0.33051965199410915,0.995478093624115,0.4644066095352173
1,10956782,0.5,1,-0.3945197802968323,0.996263325214386,0.46369582414627075
1,10956782,0.75,1,-0.41794293536804616,0.9957877993583679,0.3424670994281769
1,10956782,1.0,1,-0.42382953595370054,0.9920117259025574,0.2001122683286667
1,11430770,0.0,1,-0.3154853880405426,0.013390800915658474,0.8653351068496704
1,11430770,0.25,1,-0.6640934944152832,6.212835432961583e-05,0.019326776266098022
1,11430770,0.5,1,-1.91202712059021,1.0369122804831932e-07,3.5982443478133064e-06
1,11430770,0.75,1,-2.325974702835083,6.19606908003334e-08,1.336360355708166e-06
1,11430770,1.0,0,-2.234201669692993,5.7808385633961734e-08,2.1956257114652544e-06
1,12366048,0.0,1,-0.12546002864837646,0.8928669095039368,0.9999264478683472
1,12366048,0.25,1,-0.1267983466386795,0.36898043751716614,0.9992901086807251
1,12366048,0.5,1,-0.47876814007759094,0.0018256910843774676,0.8662000894546509
1,12366048,0.75,1,-0.4454934000968933,0.0007950518629513681,0.6163439154624939
1,12366048,1.0,1,-0.3504413068294525,0.0009040254517458379,0.6300121545791626
1,132554,0.0,1,-0.00013445904187392443,0.999976634979248,0.9991901516914368
1,132554,0.25,1,-0.00044588252785615623,0.9997233748435974,0.9929394721984863
1,132554,0.5,1,-0.0005153553211130202,0.9997387528419495,0.9930635094642639
1,132554,0.75,1,-0.0005552521906793118,0.9997509121894836,0.9914882183074951
1,132554,1.0,1,-0.0006063630571588874,0.9996601343154907,0.9898186326026917
1,13483094,0.0,1,-0.002807843731716275,0.9999678134918213,0.9995569586753845
1,13483094,0.25,1,-0.0017583322478458285,0.9998716115951538,0.9990634322166443
1,13483094,0.5,1,-0.0011210165685042739,0.9997803568840027,0.9987878203392029
1,13483094,0.75,1,-0.0014801841462031007,0.9996938705444336,0.9987015724182129
1,13483094,1.0,1,-0.0011402906384319067,0.9998818635940552,0.9993299245834351
1,13764265,0.0,0,-0.46967411041259766,0.72918701171875,0.9561038017272949
1,13764265,0.25,0,-0.22087450325489044,0.9970129728317261,0.9975034594535828
1,13764265,0.5,0,-0.08887763321399689,0.9996572732925415,0.9986938834190369
1,13764265,0.75,0,-0.06872966140508652,0.9995984435081482,0.9982805252075195
1,13764265,1.0,0,-0.06675253808498383,0.9996497631072998,0.9984875917434692
1,141024691,0.0,0,-0.5932052731513977,0.000810024153906852,0.006147992797195911
1,141024691,0.25,0,-0.33302488923072815,0.0008110516937449574,0.01892157830297947
1,141024691,0.5,0,-0.47551068663597107,0.0005685019423253834,0.013316103257238865
1,141024691,0.75,0,-0.48908162117004395,4.0353268559556454e-05,0.0011271218536421657
1,141024691,1.0,0,-0.5343438386917114,0.00024491111980751157,0.003237376920878887
1,14354734,0.0,0,-0.21164204105734824,7.866863604988339e-09,1.831430950005597e-06
1,14354734,0.25,0,-0.24564578896388412,3.663304992684857e-09,6.731480652888422e-07
1,14354734,0.5,0,-0.19012763613136485,4.245588115736609e-06,6.996404408710077e-05
1,14354734,0.75,0,-0.21347086364403367,2.6470124794286676e-06,0.00010258421389153227
1,14354734,1.0,0,-0.2360853709105868,2.392408077867003e-06,0.00010623398702591658
1,15283508,0.0,0,-0.5401512384414673,0.6234603524208069,0.8797089457511902
1,15283508,0.25,0,-0.09105734527111053,0.48594218492507935,0.8862847685813904
1,15283508,0.5,0,-0.09814053028821945,0.446389377117157,0.7882557511329651
1,15283508,0.75,0,-0.08822425454854965,0.597531795501709,0.8270112872123718
1,15283508,1.0,0,-0.09396526217460632,0.5828618407249451,0.829170286655426
1,15700256,0.0,1,-0.003804589621722698,0.9991737008094788,0.9990583062171936
1,15700256,0.25,1,-0.006837084423750639,0.999060332775116,0.9988893866539001
1,15700256,0.5,1,-0.25857222080230713,0.8794006705284119,0.9148815870285034
1,15700256,0.75,1,-0.641009509563446,0.41846442222595215,0.7334457039833069
1,15700256,1.0,0,-0.5327099561691284,0.3774637281894684,0.6558734178543091
1,16161462,0.0,1,-0.11631106585264206,0.7053756713867188,0.39091864228248596
1,16161462,0.25,0,-0.36386650800704956,0.1484415978193283,0.5472817420959473
1,16161462,0.5,0,-1.1409815549850464,0.006829444784671068,0.11329996585845947
1,16161462,0.75,0,-0.9926754236221313,0.0038648773916065693,0.04781607165932655
1,16161462,1.0,0,-0.6973505020141602,0.12711091339588165,0.35813334584236145
1,16922097,0.0,1,-0.0881393626332283,0.12989333271980286,0.7366357445716858
1,16922097,0.25,1,-0.06857695430517197,0.047941774129867554,0.6069520711898804
1,16922097,0.5,1,-0.19919948279857635,0.0018692074809223413,0.2838801443576813
1,16922097,0.75,1,-0.25372016429901123,0.0005187082570046186,0.10519912838935852
1,16922097,1.0,1,-0.28089267015457153,0.00055568857351318,0.13650694489479065
1,17468425,0.0,1,-0.07609213143587112,0.4344135522842407,0.9710756540298462
1,17468425,0.25,0,-0.331682026386261,0.04040154442191124,0.8380767107009888
1,17468425,0.5,0,-0.22886531054973602,0.05241278186440468,0.8437952399253845
1,17468425,0.75,0,-0.20137359201908112,0.050831813365221024,0.8126379251480103
1,17468425,1.0,0,-0.2227526754140854,0.06032003462314606,0.8440808653831482
1,181061102,0.0,0,-0.22060346603393555,0.04958963766694069,0.2722693681716919
1,181061102,0.25,0,-0.5224881172180176,0.16063092648983002,0.0947108119726181
1,181061102,0.5,0,-0.33860018849372864,0.0241524800658226,0.008298262022435665
1,181061102,0.75,0,-0.5318549275398254,0.005667384248226881,0.0042501892894506454
1,181061102,1.0,0,-0.575594425201416,0.005535618402063847,0.005605095997452736
1,18281934,0.0,1,-0.4072468876838684,0.9995915293693542,0.9978111386299133
1,18281934,0.25,1,-0.1464250087738037,0.9987516403198242,0.9868840575218201
1,18281934,0.5,0,-0.7573670744895935,0.5133629441261292,0.5078457593917847
1,18281934,0.75,0,-0.554844856262207,0.05929176136851311,0.17564323544502258
1,18281934,1.0,0,-0.6854639053344727,0.3944414258003235,0.7116788029670715
1,18874420,0.0,1,-0.33841556310653687,0.29461023211479187,0.9360346794128418
1,18874420,0.25,1,-0.19942399859428406,0.04441521689295769,0.8447041511535645
1,18874420,0.5,1,-0.13071425259113312,0.01697326824069023,0.6888306140899658
1,18874420,0.75,1,-0.1765964925289154,0.18667465448379517,0.9253199100494385
1,18874420,1.0,1,-0.15464381873607635,0.08358212560415268,0.8352106809616089
1,19388466,0.0,1,-0.0001740304142003879,0.9999102354049683,0.9999935626983643
1,19388466,0.25,1,-0.03471625596284866,0.9993929862976074,0.9998874664306641
1,19388466,0.5,1,-0.002764944452792406,0.9973917007446289,0.9994596838951111
1,19388466,0.75,1,-0.0025230858009308577,0.9977523684501648,0.9994645714759827
1,19388466,1.0,1,-0.003318983595818281,0.9975849390029907,0.9995206594467163
1,19803395,0.0,0,-0.4340544641017914,0.9994268417358398,0.9986621141433716
1,19803395,0.25,0,-0.937670886516571,0.8180038928985596,0.14221042394638062
1,19803395,0.5,0,-0.9862470626831055,0.09220148622989655,0.010253934189677238
1,19803395,0.75,0,-0.9514918327331543,0.15204690396785736,0.014951882883906364
1,19803395,1.0,0,-0.9761793613433838,0.18815839290618896,0.02155742421746254
2,00729416,0.0,1,-0.2314365348429419,0.031273361295461655,0.27420368790626526
2,00729416,0.25,1,-0.3545338256517425,0.0005230148672126234,0.006479278672486544
2,00729416,0.5,0,-0.9656962156295776,0.0010444973595440388,0.008190961554646492
2,00729416,0.75,0,-0.9315886497497559,0.001352065009996295,0.01189637091010809
2,00729416,1.0,0,-0.9946140646934509,0.0009460786823183298,0.005846420302987099
2,01178812,0.0,0,-0.8915326595306396,0.0097467340528965,0.006736190989613533
2,01178812,0.25,0,-1.136576771736145,0.0035024513490498066,0.0026923438999801874
2,01178812,0.5,0,-1.0052900314331055,0.005481519736349583,0.002016325481235981
2,01178812,0.75,0,-1.0953989028930664,0.0049753859639167786,0.002503028605133295
2,01178812,1.0,0,-1.0989184379577637,0.002558230422437191,0.0023409707937389612
2,01389513,0.0,1,-0.40242519974708557,0.9909351468086243,0.9984502792358398
2,01389513,0.25,1,-0.4916152358055115,0.9736002683639526,0.9782911539077759
2,01389513,0.5,1,-0.5933166146278381,0.9574490785598755,0.9409819841384888
2,01389513,0.75,1,-0.582756519317627,0.9483482837677002,0.9410014152526855
2,01389513,1.0,1,-0.5829253196716309,0.9372698068618774,0.9239557385444641
2,01775293,0.0,1,-0.45012274384498596,0.4133971631526947,0.14633193612098694
2,01775293,0.25,0,-0.4197128713130951,0.002221791073679924,0.0038783554919064045
2,01775293,0.5,0,-0.3583780527114868,0.2215173840522766,0.11250747740268707
2,01775293,0.75,0,-0.37568333745002747,0.05947175621986389,0.041802335530519485
2,01775293,1.0,0,-0.3895750045776367,0.05092323571443558,0.03874039277434349
2,02251016,0.0,0,-1.3472013473510742,0.003719135420396924,0.053792715072631836
2,02251016,0.25,0,-1.056290626525879,0.035420048981904984,0.28301069140434265
2,02251016,0.5,0,-1.1460978984832764,0.015517977066338062,0.17244020104408264
2,02251016,0.75,0,-1.0772781372070312,0.02710188366472721,0.321805477142334
2,02251016,1.0,0,-1.0634080171585083,0.03778989985585213,0.390408992767334
2,02965895,0.0,1,-0.2347393035888672,1.6696754755685106e-05,3.846523759420961e-05
2,02965895,0.25,0,-0.5300532430410385,4.0502841329725925e-06,0.0002533367369323969
2,02965895,0.5,1,-0.7624346017837524,9.261724699172191e-06,3.0260736821219325e-05
2,02965895,0.75,1,-1.3148280382156372,2.98078628446774e-09,4.046871993068635e-07
2,02965895,1.0,1,-1.3647700548171997,2.4919704078030236e-09,2.931708422693191e-07
2,03716175,0.0,0,-0.609524667263031,0.9999659061431885,0.9999477863311768
2,03716175,0.25,0,-0.057893067598342896,0.9999918937683105,0.9999154806137085
2,03716175,0.5,0,-0.05452489107847214,0.9999908208847046,0.9999021291732788
2,03716175,0.75,0,-0.06153590604662895,0.9999955892562866,0.9999443292617798
2,03716175,1.0,0,-0.055348485708236694,0.9999927282333374,0.9998886585235596
2,04274699,0.0,1,-0.001618743408471346,0.999024510383606,0.999967098236084
2,04274699,0.25,1,-0.0012626867974177003,0.9982274174690247,0.9999213218688965
2,04274699,0.5,1,-0.00164196512196213,0.998458981513977,0.9999381303787231
2,04274699,0.75,1,-0.0013030909467488527,0.999067485332489,0.9999468326568604
2,04274699,1.0,1,-0.001319264993071556,0.9990373849868774,0.9999375343322754
2,05179205,0.0,1,-0.09932500869035721,0.0001694860402494669,0.6526179313659668
2,05179205,0.25,1,-0.37436309456825256,1.306788999499986e-05,0.5176357626914978
2,05179205,0.5,1,-0.22421692311763763,4.729025749838911e-05,0.9143118262290955
2,05179205,0.75,1,-0.31428539752960205,2.476528607076034e-05,0.7260216474533081
2,05179205,1.0,1,-0.284834086894989,5.090886406833306e-05,0.8912854790687561
2,06121366,0.0,0,-0.044319555163383484,0.582457959651947,0.5437554121017456
2,06121366,0.25,0,-0.2939471900463104,0.006579909007996321,0.0114817563444376
2,06121366,0.5,0,-0.5110898613929749,0.024111947044730186,0.01353577058762312
2,06121366,0.75,0,-0.7089986205101013,0.029100583866238594,0.013899345882236958
2,06121366,1.0,0,-0.3226015865802765,0.030180199071764946,0.011485264636576176
2,06600330,0.0,1,-0.7320100907236338,0.14391107857227325,0.017730168998241425
2,06600330,0.25,0,-0.9512690305709839,0.9945220947265625,0.9987806677818298
2,06600330,0.5,0,-0.6730132102966309,0.9710814952850342,0.9990057349205017
2,06600330,0.75,0,-0.9631489515304565,0.9547236561775208,0.996921181678772
2,06600330,1.0,0,-0.6511695981025696,0.9991482496261597,0.9995195865631104
2,07142526,0.0,0,-0.47960108518600464,0.9691832065582275,0.9988434314727783
2,07142526,0.25,0,-0.587254524230957,0.8679178357124329,0.9859535098075867
2,07142526,0.5,0,-0.543271541595459,0.9983731508255005,0.9995927214622498
2,07142526,0.75,0,-0.45507436990737915,0.9969779253005981,0.9996071457862854
2,07142526,1.0,0,-0.4939504563808441,0.9869325757026672,0.9989064931869507
2,081030138,0.0,0,-0.6169453263282776,0.0012470179935917258,0.008852080442011356
2,081030138,0.25,0,-0.3596371114253998,0.010737522505223751,0.005466242786496878
2,081030138,0.5,0,-0.3018248677253723,0.07275810092687607,0.02846061997115612
2,081030138,0.75,0,-0.3017876148223877,0.029644308611750603,0.01734771393239498
2,081030138,1.0,0,-0.24518652260303497,0.055390696972608566,0.01875234581530094
2,08621661,0.0,1,-1.1015760898590088,0.06486251950263977,0.3313491642475128
2,08621661,0.25,0,-1.2087229490280151,0.13056524097919464,0.21877901256084442
2,08621661,0.5,0,-0.9961515665054321,0.03350244462490082,0.02702709473669529
2,08621661,0.75,0,-0.8906235694885254,0.023974277079105377,0.02776389755308628
2,08621661,1.0,0,-0.9100246429443359,0.1404888778924942,0.05719638615846634
2,0912046,0.0,1,-0.04347061365842819,0.38863882422447205,0.5946243405342102
2,0912046,0.25,1,-0.09830676764249802,0.7599195241928101,0.6210342049598694
2,0912046,0.5,0,-0.22437363862991333,0.7152705192565918,0.06888850778341293
2,0912046,0.75,0,-0.6384446620941162,0.9082468748092651,0.20464849472045898
2,0912046,1.0,0,-0.7458013892173767,0.9270447492599487,0.16250474750995636
2,09743894,0.0,1,-0.0011104138102382421,0.9984910488128662,0.9955358505249023
2,09743894,0.25,1,-0.008034531027078629,0.998960018157959,0.9953358769416809
2,09743894,0.5,1,-0.009106670506298542,0.9987322688102722,0.9945344924926758
2,09743894,0.75,1,-0.010287327691912651,0.99893718957901,0.9950457811355591
2,09743894,1.0,1,-0.00904802605509758,0.9990394711494446,0.9947763681411743
2,10222743,0.0,1,-0.32619577646255493,0.9911395907402039,0.9936191439628601
2,10222743,0.25,1,-0.6535239219665527,0.9180262684822083,0.9264960289001465
2,10222743,0.5,1,-0.4870963394641876,0.9766530990600586,0.978939950466156
2,10222743,0.75,1,-0.4896221160888672,0.9825787544250488,0.9788066744804382
2,10222743,1.0,1,-0.4594687819480896,0.9878853559494019,0.9818076491355896
2,10755150,0.0,0,-0.43285544449463487,4.120255803208295e-10,2.4338773982890416e-06
2,10755150,0.25,0,-0.21427850518375635,6.299026578115985e-11,2.304409747466707e-07
2,10755150,0.5,0,-0.2664078294765204,6.478619724026302e-11,1.5260560815022473e-07
2,10755150,0.75,0,-0.22651322791352868,2.74776174036262e-10,4.4393539155862527e-07
2,10755150,1.0,0,-0.3010652957018465,1.1958468937312006e-10,1.5425816002334614e-07
2,11392858,0.0,1,-0.002502645133063197,0.9997853636741638,0.9977900981903076
2,11392858,0.25,1,-0.0010137329809367657,0.9996334314346313,0.9941169023513794
2,11392858,0.5,1,-0.0010822905460372567,0.999693751335144,0.9937902092933655
2,11392858,0.75,1,-0.001067194389179349,0.9995715022087097,0.9922919869422913
2,11392858,1.0,1,-0.0010591988684609532,0.9995736479759216,0.9922378659248352
2,12140355,0.0,1,-0.03235835209488869,0.15267916023731232,0.04348789155483246
2,12140355,0.25,0,-1.1626639366149902,8.314730803249404e-05,6.123991624917835e-05
2,12140355,0.5,0,-0.5840923190116882,0.00012095213605789468,3.373957588337362e-05
2,12140355,0.75,0,-0.5819990038871765,0.00011064947466365993,2.6247200366924517e-05
2,12140355,1.0,0,-0.6591874957084656,9.554575080983341e-05,2.5886629373417236e-05
2,1297276,0.0,0,-0.20020945287978975,0.011542960070073605,0.12469795346260071
2,1297276,0.25,0,-0.3046460827372357,4.7889611778373364e-06,1.620866714802105e-05
2,1297276,0.5,0,-0.7919334576872643,0.00959943700581789,0.0019660971593111753
2,1297276,0.75,0,-0.8524508745758794,0.018043963238596916,0.0019074769224971533
2,1297276,1.0,0,-1.7940711975097656,0.001180628896690905,0.0002017868828261271
2,13421344,0.0,1,-0.2574649453163147,0.9193160533905029,0.9727181792259216
2,13421344,0.25,0,-1.2087002992630005,0.028200509026646614,0.401955783367157
2,13421344,0.5,0,-0.9284800291061401,0.014569318853318691,0.31949084997177124
2,13421344,0.75,0,-0.8716622591018677,0.027036745101213455,0.5056539177894592
2,13421344,1.0,1,-1.1949021816253662,0.12967070937156677,0.8072288632392883
2,13637218,0.0,0,-1.1775741577148438,0.006248206831514835,0.11764650791883469
2,13637218,0.25,0,-0.8901200294494629,0.09529080241918564,0.6089133024215698
2,13637218,0.5,0,-0.8134385347366333,0.08236861228942871,0.6124126315116882
2,13637218,0.75,0,-0.7802250981330872,0.0616566501557827,0.4714277386665344
2,13637218,1.0,0,-0.8049085140228271,0.03207986056804657,0.3503693640232086
2,13945801,0.0,0,-0.6137934327125549,0.9999887943267822,0.8752634525299072
2,13945801,0.25,0,-0.3891425132751465,0.9999758005142212,0.6520577073097229
2,13945801,0.5,0,-0.6627854108810425,0.9999485015869141,0.6826606392860413
2,13945801,0.75,0,-0.6356038451194763,0.9999657869338989,0.7479071021080017
2,13945801,1.0,0,-0.5985132455825806,0.9999716281890869,0.7484346032142639
2,14270377,0.0,1,-0.541876494884491,0.022702110931277275,0.08783487975597382
2,14270377,0.25,1,-0.7997165322303772,2.0790949406546133e-07,4.4163530787955096e-07
2,14270377,0.5,1,-1.24931001663208,1.9619292856987158e-07,1.1225753837607044e-07
2,14270377,0.75,1,-1.052193522453308,1.579391835093702e-07,1.7203491609052435e-07
2,14270377,1.0,1,-1.0536977052688599,1.7427724685603607e-07,1.4806425951974234e-07
2,14803789,0.0,1,-0.006420698016881943,0.9852880239486694,0.9932979941368103
2,14803789,0.25,1,-0.007261410355567932,0.9884356260299683,0.9932148456573486
2,14803789,0.5,1,-0.00746874650940299,0.9600668549537659,0.9874007105827332
2,14803789,0.75,1,-0.006887737195938826,0.9648052453994751,0.9888638257980347
2,14803789,1.0,1,-0.008588372729718685,0.9725541472434998,0.9897024631500244
2,15599995,0.0,1,-0.03661428019404411,0.997782289981842,0.9976056814193726
2,15599995,0.25,1,-0.2191736400127411,0.9999797344207764,0.9996792078018188
2,15599995,0.5,1,-0.5240314602851868,0.9441314339637756,0.8463600873947144
2,15599995,0.75,1,-0.8488733172416687,0.9578144550323486,0.8602666258811951
2,15599995,1.0,0,-0.47662800550460815,0.9876047372817993,0.9761743545532227
2,161037470,0.0,0,-0.5004424452781677,0.9998611211776733,0.992763340473175
2,161037470,0.25,1,-0.033100876957178116,0.9999150037765503,0.9986298084259033
2,161037470,0.5,1,-0.025249866768717766,0.9998973608016968,0.9984227418899536
2,161037470,0.75,1,-0.023366672918200493,0.9999043941497803,0.998489260673523
2,161037470,1.0,1,-0.022407568991184235,0.9998977184295654,0.9985451698303223
2,16747825,0.0,1,-0.24919830683938926,0.9418339729309082,0.9878365397453308
2,16747825,0.25,0,-0.724313528946368,0.014610808342695236,0.020853111520409584
2,16747825,0.5,0,-0.608049300397397,0.009178217500448227,0.009616974741220474
2,16747825,0.75,0,-0.7909345533698797,0.011956702917814255,0.02223965898156166
2,16747825,1.0,0,-0.6793703660368919,0.014320861548185349,0.03486526384949684
2,17444087,0.0,0,-0.8350534089258872,0.14315715432167053,0.9209515452384949
2,17444087,0.25,0,-0.779906690120697,0.6544907093048096,0.5837959051132202
2,17444087,0.5,0,-0.7333613038063049,0.46035096049308777,0.20060208439826965
2,17444087,0.75,0,-0.6284569501876831,0.46110522747039795,0.15042883157730103
2,17444087,1.0,0,-0.6284569501876831,0.46110522747039795,0.15042883157730103
2,17954994,0.0,1,-0.03299073502421379,0.9999251365661621,0.9983924031257629
2,17954994,0.25,1,-0.342940092086792,0.9704955220222473,0.8407855033874512
2,17954994,0.5,1,-0.07485191524028778,0.8301655650138855,0.6709954738616943
2,17954994,0.75,1,-0.7297158241271973,0.08684051036834717,0.05482560023665428
2,17954994,1.0,0,-1.2683950662612915,0.047092631459236145,0.005060888826847076
2,1827566,0.0,1,-0.3672746419906616,0.9961881041526794,0.9575130343437195
2,1827566,0.25,1,-0.28358450531959534,0.9258567094802856,0.9714780449867249
2,1827566,0.5,1,-0.3189994990825653,0.8618727922439575,0.675673246383667
2,1827566,0.75,1,-0.3717379570007324,0.9171065092086792,0.7208097577095032
2,1827566,1.0,1,-0.4005618989467621,0.921174943447113,0.7010149359703064
2,187362,0.0,1,-0.004345736000686884,0.9993355870246887,0.9994708895683289
2,187362,0.25,1,-0.0039496831595897675,0.999309778213501,0.9993380904197693
2,187362,0.5,1,-0.0038937937933951616,0.9988380074501038,0.9991195797920227
2,187362,0.75,1,-0.002974040573462844,0.9990843534469604,0.9992308616638184
2,187362,1.0,1,-0.003332080552354455,0.9991766810417175,0.9992979764938354
2,19351376,0.0,1,-1.3145549297332764,1.0,0.9999874830245972
2,19351376,0.25,1,-0.2660013735294342,1.0,0.9999486207962036
2,19351376,0.5,1,-0.405630499124527,1.0,0.9999967813491821
2,19351376,0.75,1,-0.3793138265609741,1.0,0.9999879598617554
2,19351376,1.0,1,-0.4292106330394745,0.9999998807907104,0.9988904595375061
2,19648772,0.0,0,-1.257527470588684,0.04952796548604965,0.007349641993641853
2,19648772,0.25,0,-1.0357416868209839,0.40368321537971497,0.05412554368376732
2,19648772,0.5,0,-0.9113210439682007,0.6710878610610962,0.18585412204265594
2,19648772,0.75,0,-0.910072386264801,0.7649245858192444,0.18958018720149994
2,19648772,1.0,0,-0.8956831693649292,0.744110107421875,0.1970808357000351
3,00416722,0.0,1,-0.016919786110520363,0.9911850094795227,0.9300616979598999
3,00416722,0.25,0,-0.9321314096450806,0.006707559805363417,2.9458124117809348e-05
3,00416722,0.5,1,-0.6106431484222412,0.06238124892115593,0.00032018349156714976
3,00416722,0.75,1,-0.5428795218467712,0.10861482471227646,0.000583900953643024
3,00416722,1.0,1,-1.6949067115783691,0.048311613500118256,0.0001383679045829922
3,01125115,0.0,1,-0.33446887135505676,0.9996438026428223,0.9990022778511047
3,01125115,0.25,1,-0.6351398229598999,0.9849578142166138,0.9878836274147034
3,01125115,0.5,0,-0.9908891320228577,0.10714404284954071,0.6786974668502808
3,01125115,0.75,0,-0.03223149850964546,0.6745391488075256,0.9756647944450378
3,01125115,1.0,0,-0.08289981633424759,0.7443309426307678,0.9681914448738098
3,01297407,0.0,0,-0.4195348396897316,2.1523990199057152e-06,9.06256627786206e-06
3,01297407,0.25,0,-0.9873227675755819,1.7452621250413358e-05,0.0005784822278656065
3,01297407,0.5,0,-0.817232602275908,6.127275355538586e-06,0.00024683529045432806
3,01297407,0.75,0,-0.8265287391841412,7.709655619692057e-06,0.00038983699050731957
3,01297407,1.0,0,-0.8265287391841412,7.709655619692057e-06,0.00038983699050731957
3,01738786,0.0,0,-0.3357434619247215,1.2154457181168254e-05,5.4286727390717715e-05
3,01738786,0.25,0,-0.2806302018580027,5.004921987961097e-08,2.9971272397233406e-07
3,01738786,0.5,0,-0.7635434950934723,1.9414976577536436e-06,4.7688787162769586e-05
3,01738786,0.75,0,-0.798637633852195,2.983836338898982e-06,7.254548836499453e-05
3,01738786,1.0,0,-0.8552903458476067,4.0383279156230856e-06,0.00010752669913927093
3,021054250,0.0,1,-0.4495175778865814,0.008592708967626095,0.030834384262561798
3,021054250,0.25,1,-0.5930977463722229,8.097188128886046e-07,3.926747012883425e-05
3,021054250,0.5,0,-0.061556633561849594,0.0003945221833419055,0.000454024993814528
3,021054250,0.75,0,-0.03239365294575691,0.0028686586301773787,0.0016775651602074504
3,021054250,1.0,0,-0.03409971296787262,0.0009625500533729792,0.0010811260435730219
3,02655551,0.0,1,-0.33538222312927246,0.1437658667564392,0.10065755248069763
3,02655551,0.25,1,-0.13676132261753082,0.27533388137817383,0.24994803965091705
3,02655551,0.5,1,-0.30898386240005493,0.10417591780424118,0.09308572113513947
3,02655551,0.75,0,-0.6577606872306205,0.005516507662832737,0.004477229900658131
3,02655551,1.0,0,-0.6571685856179101,0.005459655076265335,0.004935860633850098
3,03625313,0.0,1,-0.2068101465702057,0.16075102984905243,0.0557066984474659
3,03625313,0.25,0,-0.6381903886795044,0.8008537888526917,0.45486316084861755
3,03625313,0.5,0,-0.6515305042266846,0.8321224451065063,0.5783692598342896
3,03625313,0.75,0,-0.4957508444786072,0.959953784942627,0.7550384402275085
3,03625313,1.0,0,-0.7191981673240662,0.8077011704444885,0.26632410287857056
3,04251940,0.0,1,-0.14320869743824005,0.9999580383300781,0.9977564215660095
3,04251940,0.25,1,-0.4219381511211395,0.8628343343734741,0.9885821342468262
3,04251940,0.5,0,-0.7431638240814209,0.48842674493789673,0.9656359553337097
3,04251940,0.75,0,-0.620924711227417,0.4458114802837372,0.9523568749427795
3,04251940,1.0,0,-0.6755478382110596,0.4219151437282562,0.9506217837333679
3,04969151,0.0,1,-0.0349254310131073,0.987205982208252,0.9790368676185608
3,04969151,0.25,1,-0.6398645639419556,0.03898997604846954,0.03145579621195793
3,04969151,0.5,1,-0.6760637760162354,0.07908926159143448,0.056477393954992294
3,04969151,0.75,1,-0.7537345886230469,0.04456668347120285,0.04820066690444946
3,04969151,1.0,1,-0.7277007102966309,0.05532460659742355,0.046112239360809326
3,061006816,0.0,1,-0.007902784273028374,0.9283557534217834,0.9665858149528503
3,061006816,0.25,1,-0.026731137186288834,0.9513587951660156,0.9673774838447571
3,061006816,0.5,1,-0.03429356962442398,0.6749658584594727,0.735416829586029
3,061006816,0.75,1,-0.04361603409051895,0.8103447556495667,0.7960619330406189
3,061006816,1.0,1,-0.04354057461023331,0.8533218502998352,0.8208316564559937
3,06519869,0.0,0,-0.08278989174868912,3.834471135633066e-05,2.5334025849588215e-05
3,06519869,0.25,0,-0.01484697312116623,4.508069105213508e-05,1.9458686438156292e-05
3,06519869,0.5,0,-0.0167431328445673,5.307998799253255e-05,2.5418190489290282e-05
3,06519869,0.75,0,-0.01876085693947971,0.0001181552215712145,3.490012386464514e-05
3,06519869,1.0,0,-0.02380346428253688,0.00016790999507065862,5.1299412007210776e-05
3,0699037,0.0,0,-1.1383994817733765,0.9999939203262329,0.9999997615814209
3,0699037,0.25,1,-1.2722113132476807,0.999998927116394,1.0
3,0699037,0.5,1,-1.2726545333862305,0.9999994039535522,1.0
3,0699037,0.75,1,-1.1779634952545166,0.9999979734420776,0.9999998807907104
3,0699037,1.0,1,-1.2655688524246216,0.9999940395355225,0.9999997615814209
3,081005615,0.0,0,-0.007222021464258432,0.9884582161903381,0.9819053411483765
3,081005615,0.25,0,-0.00770735926926136,0.9957404136657715,0.9972449541091919
3,081005615,0.5,0,-0.025632301345467567,0.8659646511077881,0.9943264126777649
3,081005615,0.75,0,-0.06783316284418106,0.31622210144996643,0.96528160572052
3,081005615,1.0,0,-0.18696117401123047,0.9177076816558838,0.9967814683914185
3,08529419,0.0,0,-0.6489717960357666,0.9824832677841187,0.7890217900276184
3,08529419,0.25,0,-0.6582476496696472,0.9883937835693359,0.882942795753479
3,08529419,0.5,0,-0.5860140919685364,0.9888681173324585,0.8695757985115051
3,08529419,0.75,0,-0.5956911444664001,0.9914016127586365,0.8999753594398499
3,08529419,1.0,0,-0.5418987274169922,0.9911927580833435,0.9032740592956543
3,08924895,0.0,0,-1.328162431716919,2.231891357951099e-06,0.0003892327949870378
3,08924895,0.25,0,-0.8792819976806641,0.8737185597419739,0.1573450267314911
3,08924895,0.5,0,-1.1054117679595947,0.7724429368972778,0.14072225987911224
3,08924895,0.75,0,-1.1336296796798706,0.8232556581497192,0.17591916024684906
3,08924895,1.0,0,-1.136306881904602,0.7687142491340637,0.13978713750839233
3,09302219,0.0,0,-0.6879680752754211,0.3396269679069519,0.6200488209724426
3,09302219,0.25,0,-0.40573593974113464,0.3678908944129944,0.5897127985954285
3,09302219,0.5,0,-0.25638890266418457,0.22510750591754913,0.5014227628707886
3,09302219,0.75,1,-0.5048558712005615,0.04072696715593338,0.15576639771461487
3,09302219,1.0,1,-0.19260753691196442,0.027366550639271736,0.09242343157529831
3,10204459,0.0,0,-0.08458694485792269,0.1424909085035324,0.09082823246717453
3,10204459,0.25,0,-0.3433799890335649,0.773086667060852,0.8702653050422668
3,10204459,0.5,0,-0.3905550075384478,0.6219746470451355,0.5359799265861511
3,10204459,0.75,0,-0.3986795224870245,0.751537561416626,0.606511116027832
3,10204459,1.0,0,-0.4254552647471428,0.622264564037323,0.6602729558944702
3,10558851,0.0,1,-0.10405347496271133,0.9684352874755859,0.9777793884277344
3,10558851,0.25,1,-0.08393464237451553,0.9537849426269531,0.9841440916061401
3,10558851,0.5,1,-0.14699257910251617,0.11592649668455124,0.7730137705802917
3,10558851,0.75,1,-0.22101300954818726,0.020284894853830338,0.18761473894119263
3,10558851,1.0,1,-0.9571875333786011,0.0002804253017529845,0.01005966030061245
3,1116252,0.0,1,-0.5540322065353394,0.9999964237213135,0.9999996423721313
3,1116252,0.25,0,-0.37769389152526855,0.6320390701293945,0.9920279383659363
3,1116252,0.5,0,-0.2546654939651489,0.8601934313774109,0.998795747756958
3,1116252,0.75,0,-0.2113235890865326,0.8962785601615906,0.9980878233909607
3,1116252,1.0,0,-0.22107776999473572,0.8981192708015442,0.998680055141449
3,121032292,0.0,1,-0.0007591941393911839,0.2587664723396301,0.7768126130104065
3,121032292,0.25,0,-0.2746101589873433,0.9984341263771057,0.9990787506103516
3,121032292,0.5,0,-0.22534650564193726,0.9994188547134399,0.9993590712547302
3,121032292,0.75,0,-0.1696272948756814,0.9997524619102478,0.999697208404541
3,121032292,1.0,0,-0.1499191215261817,0.9997971653938293,0.9997547268867493
3,12953597,0.0,0,-0.20224632608369575,0.002941560698673129,0.0023472087923437357
3,12953597,0.25,0,-0.1603094286438136,0.011718317866325378,0.018496103584766388
3,12953597,0.5,0,-0.14286301743413787,0.007062882650643587,0.009345372207462788
3,12953597,0.75,0,-0.14286301743413787,0.007062882650643587,0.009345372207462788
3,12953597,1.0,0,-0.14286301743413787,0.007062882650643587,0.009345372207462788
3,13420243,0.0,1,-0.14445829391479492,0.5039592385292053,0.4389696419239044
3,13420243,0.25,0,-0.6270207762718201,0.06434081494808197,0.0425308495759964
3,13420243,0.5,0,-0.32814016938209534,0.03168841451406479,0.03491366654634476
3,13420243,0.75,0,-0.3423006236553192,0.03478043153882027,0.03597676381468773
3,13420243,1.0,0,-0.38737353682518005,0.04456060007214546,0.04666496440768242
3,13598461,0.0,1,-0.4012676626443863,0.007048796862363815,0.00038087411667220294
3,13598461,0.25,1,-0.4958731457591057,0.0029554974753409624,0.000103618876892142
3,13598461,0.5,0,-0.9426558017730713,0.0020845571998506784,0.00031390119693242013
3,13598461,0.75,0,-0.8858423233032227,0.003549922490492463,0.0004245839372742921
3,13598461,1.0,0,-0.7794657349586487,0.005491156596690416,0.00022495535085909069
3,13831014,0.0,1,-0.4792918562889099,0.9822850227355957,0.9658070802688599
3,13831014,0.25,1,-0.45928096771240234,0.9641125202178955,0.28458371758461
3,13831014,0.5,0,-0.66542873904109,0.9999533891677856,0.9996484518051147
3,13831014,0.75,0,-1.7334853410720825,0.9990757703781128,0.9897618889808655
3,13831014,1.0,1,-1.6059386730194092,0.9985582232475281,0.951558530330658
3,1425112,0.0,1,-0.07071436196565628,4.2328142058067897e-07,6.429324002965586e-06
3,1425112,0.25,1,-0.04929816722869873,1.6139314311658381e-06,6.63048967908253e-06
3,1425112,0.5,1,-0.03004627116024494,1.1664740213745972e-06,6.0783177104895e-06
3,1425112,0.75,1,-0.022377396002411842,5.798650590804755e-07,3.910802206519293e-06
3,1425112,1.0,1,-0.024876806885004044,5.064744073024485e-07,2.756686399152386e-06
3,14705211,0.0,0,-0.2974210612398262,0.22676752507686615,0.6513627767562866
3,14705211,0.25,1,-0.5958960652351379,0.6278877258300781,0.8065723180770874
3,14705211,0.5,0,-0.5258183032274246,0.42350640892982483,0.29055899381637573
3,14705211,0.75,0,-0.5528180599212646,0.3468583822250366,0.3005068600177765
3,14705211,1.0,0,-0.5451090037822723,0.46345973014831543,0.2772786319255829
3,15586319,0.0,1,-0.7795353376423009,0.999700665473938,0.9978837370872498
3,15586319,0.25,0,-1.5050153732299805,0.9998414516448975,0.9966310858726501
3,15586319,0.5,0,-1.5327327251434326,0.9719411134719849,0.7107107639312744
3,15586319,0.75,0,-1.6724531650543213,0.9874438643455505,0.8193979859352112
3,15586319,1.0,0,-1.6848100423812866,0.9712030291557312,0.7298611998558044
3,161036612,0.0,0,-1.3388291597366333,0.0023706937208771706,0.0035160379484295845
3,161036612,0.25,0,-0.9256505966186523,0.0006207532715052366,0.0008759420597925782
3,161036612,0.5,0,-1.135010004043579,0.0017267598304897547,0.0038188742473721504
3,161036612,0.75,0,-1.4180303812026978,0.0014596378896385431,0.003753181081265211
3,161036612,1.0,0,-1.452789068222046,0.0009396044770255685,0.0032843095250427723
3,16652947,0.0,1,-0.008723129518330097,0.9999779462814331,0.9999083280563354
3,16652947,0.25,1,-0.062276169657707214,0.9998973608016968,0.999733030796051
3,16652947,0.5,1,-0.47507983446121216,0.9989927411079407,0.9977401494979858
3,16652947,0.75,1,-0.38792818784713745,0.9992086291313171,0.9982056617736816
3,16652947,1.0,1,-0.3142220675945282,0.9994179010391235,0.9986706972122192
3,17397322,0.0,0,-0.19028861820697784,0.005100398790091276,0.01004741620272398
3,17397322,0.25,1,-0.9687579274177551,0.021661024540662766,0.03549623861908913
3,17397322,0.5,1,-0.6772714853286743,0.03523264825344086,0.026550166308879852
3,17397322,0.75,1,-0.8812631964683533,0.01884184218943119,0.012930778786540031
3,17397322,1.0,1,-0.9158371686935425,0.011610268615186214,0.009412846527993679
3,17888876,0.0,1,-0.08558281511068344,0.9996429681777954,0.9999582767486572
3,17888876,0.25,1,-0.08448968082666397,0.9997817873954773,0.9999449253082275
3,17888876,0.5,1,-0.14171886444091797,0.9924246072769165,0.9996432065963745
3,17888876,0.75,1,-0.1393294781446457,0.9884401559829712,0.9995688796043396
3,17888876,1.0,1,-0.13172213733196259,0.991080105304718,0.9995976090431213
3,18252583,0.0,1,-0.19062305986881256,0.7568781971931458,0.4450652599334717
3,18252583,0.25,1,-0.15050189197063446,0.023602891713380814,0.029888859018683434
3,18252583,0.5,1,-0.12600748240947723,0.011630883440375328,0.02522083930671215
3,18252583,0.75,1,-0.19271181523799896,0.06494589149951935,0.050852302461862564
3,18252583,1.0,1,-0.2917018532752991,0.0964713990688324,0.059125401079654694
3,18717754,0.0,0,-0.6536185145378113,5.8779074606718495e-05,0.197926327586174
3,18717754,0.25,0,-0.7345998287200928,1.0834974091267213e-06,1.628438440093305e-05
3,18717754,0.5,0,-0.7201076149940491,7.5688103606808e-07,1.488071029598359e-05
3,18717754,0.75,0,-0.7183789014816284,4.506060804487788e-07,1.2043919014104176e-05
3,18717754,1.0,0,-0.6896902322769165,4.0208553286902315e-07,1.074696865543956e-05
3,19315625,0.0,1,-0.45693057775497437,0.00027365173446014524,0.05447426438331604
3,19315625,0.25,0,-0.43594351410865784,0.23351840674877167,0.08384489268064499
3,19315625,0.5,0,-0.3582780063152313,0.162312313914299,0.05672607943415642
3,19315625,0.75,0,-0.35648074746131897,0.1595182567834854,0.06038248911499977
3,19315625,1.0,0,-0.3972036838531494,0.17347106337547302,0.07296308875083923
3,19443493,0.0,0,-0.7120755482465029,0.7111508846282959,0.9994122982025146
3,19443493,0.25,0,-1.7491241693496704,0.7800287008285522,0.9989486336708069
3,19443493,0.5,0,-1.1462135761976242,0.9935424327850342,0.9998704195022583
3,19443493,0.75,0,-0.8200976923108101,0.993073582649231,0.999679684638977
3,19443493,1.0,0,-0.9133080188184977,0.9946998357772827,0.9997943043708801
4,00362278,0.0,1,-0.009758624248206615,0.9999428987503052,0.9995149374008179
4,00362278,0.25,1,-0.041898585855960846,0.3918355405330658,0.0076930769719183445
4,00362278,0.5,1,-0.21936875581741333,0.06052245572209358,0.0007995024789124727
4,00362278,0.75,1,-0.33359745144844055,0.020338024944067,0.00020137403043918312
4,00362278,1.0,1,-0.3035218119621277,0.030229050666093826,0.0003027023049071431
4,011021063,0.0,0,-0.35394562035799026,0.7956685423851013,0.9160944223403931
4,011021063,0.25,0,-0.2989840507507324,0.10069557279348373,0.04399767518043518
4,011021063,0.5,0,-0.33320337533950806,0.027417823672294617,0.01297589298337698
4,011021063,0.75,0,-1.1631104946136475,0.00024829330504871905,0.00035327739897184074
4,011021063,1.0,0,-0.5704404711723328,0.047091420739889145,0.03660426661372185
4,01275423,0.0,1,-0.04331628605723381,0.9995747208595276,0.999927282333374
4,01275423,0.25,1,-0.0657864511013031,0.9997534155845642,0.9999551773071289
4,01275423,0.5,1,-0.074196457862854,0.9997270703315735,0.9999436140060425
4,01275423,0.75,1,-0.06564291566610336,0.9997121691703796,0.9999330043792725
4,01275423,1.0,1,-0.08292532712221146,0.9997441172599792,0.9999417066574097
4,01671289,0.0,1,-0.10349567655430292,0.6346912980079651,0.20250548422336578
4,01671289,0.25,1,-0.31604320608312264,0.0003844920138362795,0.00025506209931336343
4,01671289,0.5,1,-0.3133430684101768,0.003834151430055499,0.003447355469688773
4,01671289,0.75,1,-0.3133430684101768,0.003834151430055499,0.003447355469688773
4,01671289,1.0,1,-0.3133430684101768,0.003834151430055499,0.003447355469688773
4,01998367,0.0,0,-0.4750898480415344,0.010049279779195786,0.9411985278129578
4,01998367,0.25,0,-0.5824787020683289,7.328076026169583e-05,0.07068486511707306
4,01998367,0.5,1,-0.7303534150123596,0.0011313844006508589,0.10149585455656052
4,01998367,0.75,0,-0.2987719476222992,0.05845683440566063,0.12617534399032593
4,01998367,1.0,0,-0.25418996810913086,0.06641817092895508,0.11143714189529419
4,02639683,0.0,1,-0.008723484352231026,0.9999998807907104,0.9999997615814209
4,02639683,0.25,1,-0.004166030324995518,0.9999998807907104,0.9999996423721313
4,02639683,0.5,1,-0.0030397435184568167,0.9999998807907104,0.9999997615814209
4,02639683,0.75,1,-0.0028172442689538,1.0,0.9999997615814209
4,02639683,1.0,1,-0.002513943472877145,1.0,0.9999997615814209
4,03495642,0.0,0,-0.06193467229604721,0.00019910602713935077,0.003810911439359188
4,03495642,0.25,0,-1.1466697454452515,0.028433313593268394,0.16235129535198212
4,03495642,0.5,1,-1.045747995376587,0.02822897769510746,0.16701935231685638
4,03495642,0.75,1,-0.8882313966751099,0.026141894981265068,0.12324953824281693
4,03495642,1.0,1,-0.7979464530944824,0.03133547306060791,0.11251703649759293
4,04132070,0.0,1,-0.1534666270017624,0.5899995565414429,0.29990214109420776
4,04132070,0.25,1,-0.17215068638324738,0.09116999059915543,0.05956817790865898
4,04132070,0.5,1,-0.153985396027565,0.178283229470253,0.08273923397064209
4,04132070,0.75,1,-0.129893958568573,0.3014258146286011,0.1218046024441719
4,04132070,1.0,1,-0.11776579171419144,0.40908190608024597,0.17257219552993774
4,04819551,0.0,0,-1.3647665977478027,0.4521425664424896,0.022413982078433037
4,04819551,0.25,0,-1.3667672872543335,0.07683830708265305,0.0016193196643143892
4,04819551,0.5,0,-1.1958012580871582,0.11377443373203278,0.003400089219212532
4,04819551,0.75,0,-1.2468814849853516,0.12767334282398224,0.0033265261445194483
4,04819551,1.0,0,-1.3201210498809814,0.11916429549455643,0.0029473998583853245
4,05454766,0.0,1,-0.3799650967121124,0.9999767541885376,0.9982531666755676
4,05454766,0.25,1,-0.5013751983642578,0.9975631237030029,0.9913622736930847
4,05454766,0.5,1,-0.7586187124252319,0.9958606362342834,0.9625402092933655
4,05454766,0.75,0,-1.1190383434295654,0.9813241362571716,0.6582366228103638
4,05454766,1.0,0,-1.4132074117660522,0.33048760890960693,0.10594966262578964
4,06503451,0.0,1,-0.16312482953071594,0.7551006078720093,0.7879568934440613
4,06503451,0.25,1,-0.2048957496881485,0.4480634033679962,0.5769930481910706
4,06503451,0.5,1,-0.11531301587820053,0.6453758478164673,0.7477002739906311
4,06503451,0.75,1,-0.0908905491232872,0.674787163734436,0.7899802923202515
4,06503451,1.0,1,-0.09099943190813065,0.7152085900306702,0.7871454358100891
4,06805699,0.0,1,-0.16457027196884155,0.743074357509613,0.6939960718154907
4,06805699,0.25,1,-0.43330639600753784,0.013864945620298386,0.120290607213974
4,06805699,0.5,1,-0.04040573909878731,0.0846906304359436,0.06348670274019241
4,06805699,0.75,1,-0.08028345555067062,0.053463853895664215,0.042636606842279434
4,06805699,1.0,1,-0.07909543067216873,0.031141405925154686,0.027547646313905716
4,07732990,0.0,1,-0.08269831538200378,0.0003551549161784351,0.040564291179180145
4,07732990,0.25,1,-0.1922614425420761,6.212705193320289e-05,0.007644690573215485
4,07732990,0.5,1,-0.20921945571899414,1.5692872693762183e-05,0.0019128142157569528
4,07732990,0.75,1,-0.27063417434692383,3.0312205126392655e-05,0.002428809180855751
4,07732990,1.0,1,-0.2714264988899231,2.430065615044441e-05,0.006026049144566059
4,08471223,0.0,1,-0.13136103749275208,0.998213529586792,0.967275083065033
4,08471223,0.25,0,-0.14221465587615967,0.9993795156478882,0.9962755441665649
4,08471223,0.5,0,-0.1006644070148468,0.9997038245201111,0.9974817633628845
4,08471223,0.75,0,-0.11558844149112701,0.9996894598007202,0.9934025406837463
4,08471223,1.0,0,-0.19813312590122223,0.9993458390235901,0.9916439652442932
4,08858518,0.0,1,-0.32651258260011673,0.0006352892960421741,0.5785948634147644
4,08858518,0.25,0,-0.32325777132064104,0.0006614625453948975,0.5109886527061462
4,08858518,0.5,0,-0.269897373393178,0.0017080323304980993,0.7280489802360535
4,08858518,0.75,0,-0.2945335158146918,0.00035424227826297283,0.4112878739833832
4,08858518,1.0,0,-0.2682888088747859,0.0004635411314666271,0.5411863923072815
4,09282266,0.0,1,-0.04749773757066578,0.0154440151527524,0.0003204683889634907
4,09282266,0.25,0,-0.5465473624353763,0.03437836840748787,0.0008217036374844611
4,09282266,0.5,0,-0.5741300620138645,0.04514148831367493,0.0008052230114117265
4,09282266,0.75,0,-1.2161544561386108,0.010406320914626122,0.00022012267436366528
4,09282266,1.0,0,-1.040992021560669,0.005154157988727093,0.0001512742746854201
4,09993325,0.0,0,-0.47969526052474976,0.6472930312156677,0.5334740877151489
4,09993325,0.25,0,-0.5261849164962769,0.3645978569984436,0.21434816718101501
4,09993325,0.5,0,-1.855333685874939,0.004809440113604069,0.0038025607354938984
4,09993325,0.75,0,-1.6772977113723755,0.005772181786596775,0.005074323620647192
4,09993325,1.0,0,-1.2662174701690674,0.019081270322203636,0.020641367882490158
4,10433179,0.0,1,-0.04987535625696182,0.9999599456787109,0.9999749660491943
4,10433179,0.25,1,-0.01896161399781704,0.9917513728141785,0.9735930562019348
4,10433179,0.5,0,-0.6463682651519775,3.322659267723793e-07,3.928576916223392e-06
4,10433179,0.75,0,-0.6515496373176575,1.4164346566758468e-06,7.956645276863128e-06
4,10433179,1.0,1,-1.0959672927856445,1.9609897208283655e-06,1.0090902833326254e-05
4,111055030,0.0,0,-0.5821837186813354,0.9313839077949524,0.03850600868463516
4,111055030,0.25,0,-0.6740206480026245,0.7405269742012024,0.008046775124967098
4,111055030,0.5,0,-0.754832923412323,0.5854247212409973,0.008688881061971188
4,111055030,0.75,0,-0.7341552972793579,0.5908162593841553,0.009571443311870098
4,111055030,1.0,0,-0.7349426746368408,0.6063565611839294,0.010132305324077606
4,11985368,0.0,0,-0.6981542706489563,0.7721347808837891,0.9124214053153992
4,11985368,0.25,0,-0.15094056725502014,0.48608118295669556,0.5847609639167786
4,11985368,0.5,0,-0.0995490550994873,0.4477865397930145,0.35420113801956177
4,11985368,0.75,0,-0.08923397958278656,0.2969498634338379,0.21020831167697906
4,11985368,1.0,0,-0.10086217522621155,0.34111452102661133,0.2803152799606323
4,12588508,0.0,1,-0.024386435747146606,0.9999760389328003,0.9988465309143066
4,12588508,0.25,1,-0.03960942476987839,0.9999592304229736,0.9986032843589783
4,12588508,0.5,1,-0.18106988072395325,0.9995317459106445,0.9958657026290894
4,12588508,0.75,1,-0.41866958141326904,0.9936535358428955,0.9727445840835571
4,12588508,1.0,1,-0.4976580739021301,0.9910935759544373,0.9289137721061707
4,13376811,0.0,1,-0.04805865348316729,0.9999979734420776,0.9999762773513794
4,13376811,0.25,1,-0.08159731281921268,0.9979027509689331,0.9355372786521912
4,13376811,0.5,1,-0.3891735374927521,0.9474550485610962,0.3952755033969879
4,13376811,0.75,0,-0.3902752697467804,0.34952881932258606,0.0262775681912899
4,13376811,1.0,0,-0.34735050797462463,0.995468258857727,0.9137127995491028
4,13541187,0.0,0,-0.1845933347940445,1.0,0.9999951124191284
4,13541187,0.25,0,-0.13146255910396576,1.0,0.9999994039535522
4,13541187,0.5,0,-0.06126166507601738,1.0,0.9999997615814209
4,13541187,0.75,0,-0.06247340515255928,1.0,0.9999997615814209
4,13541187,1.0,0,-0.056065771728754044,1.0,0.9999997615814209
4,13810963,0.0,1,-0.0828297808766365,0.9953088164329529,0.9987720847129822
4,13810963,0.25,1,-0.41782739758491516,0.9963623881340027,0.998388409614563
4,13810963,0.5,1,-0.46101200580596924,0.996006429195404,0.9980170726776123
4,13810963,0.75,1,-0.6108404397964478,0.994364857673645,0.995693564414978
4,13810963,1.0,1,-0.6672583222389221,0.9928654432296753,0.9951373934745789
4,14223248,0.0,1,-0.009333279784186743,0.9761201739311218,0.9336806535720825
4,14223248,0.25,1,-0.3429555926377361,0.001831233617849648,0.00013005810615140945
4,14223248,0.5,0,-0.432624254754046,0.0036156335845589638,3.978966560680419e-05
4,14223248,0.75,1,-0.12257506358582759,0.008989755995571613,0.000676141120493412
4,14223248,1.0,1,-0.09723392385785701,0.0035878410562872887,0.0005751862190663815
4,14696378,0.0,1,-0.4310559630393982,0.1797095239162445,0.7544867992401123
4,14696378,0.25,1,-0.5322601795196533,0.3614025115966797,0.9137168526649475
4,14696378,0.5,1,-0.7680882811546326,0.4088188409805298,0.9501527547836304
4,14696378,0.75,0,-0.9523694515228271,0.2331598997116089,0.8652834296226501
4,14696378,1.0,0,-0.7149897813796997,0.22910962998867035,0.8541805148124695
4,15569549,0.0,1,-0.6948432922363281,0.9865802526473999,0.9693964123725891
4,15569549,0.25,1,-0.22726106643676758,0.9562495350837708,0.8621760010719299
4,15569549,0.5,1,-0.2033500075340271,0.9542533159255981,0.8680895566940308
4,15569549,0.75,1,-0.18166489899158478,0.9591049551963806,0.8671178221702576
4,15569549,1.0,1,-0.22734150290489197,0.9626156091690063,0.8751118779182434
4,15975535,0.0,0,-0.35367265343666077,0.9986473917961121,0.9998550415039062
4,15975535,0.25,0,-0.8231873298063874,0.999890923500061,0.999900221824646
4,15975535,0.5,0,-0.7649095794185996,0.9999243021011353,0.9999346733093262
4,15975535,0.75,0,-0.7571282694116235,0.9999384880065918,0.9999339580535889
4,15975535,1.0,0,-0.7778499163687229,0.9999222755432129,0.9999144077301025
4,16184856,0.0,1,-0.022246525855734944,0.9692723155021667,0.9459115862846375
4,16184856,0.25,1,-0.09486801794264466,0.9810402989387512,0.7529615759849548
4,16184856,0.5,1,-0.030871590599417686,0.9953988194465637,0.950550377368927
4,16184856,0.75,1,-0.0765048764878884,0.9979281425476074,0.6984931826591492
4,16184856,1.0,1,-0.07566425169352442,0.9848992824554443,0.6403392553329468
4,17184616,0.0,1,-0.03109666518867016,0.9999995231628418,0.9999934434890747
4,17184616,0.25,1,-0.03904756158590317,0.9999942779541016,0.9999881982803345
4,17184616,0.5,0,-0.07141976058483124,0.9995736479759216,0.9399242997169495
4,17184616,0.75,0,-0.06157964468002319,0.9996980428695679,0.9471229314804077
4,17184616,1.0,0,-0.05554650351405144,0.9997743964195251,0.9578536152839661
4,17877969,0.0,1,-0.09905463829636574,0.6797240972518921,0.9855814576148987
4,17877969,0.25,1,-0.11943432502448559,0.9886542558670044,0.9974772334098816
4,17877969,0.5,1,-0.1279020607471466,0.968699038028717,0.9785307049751282
4,17877969,0.75,1,-0.15571148693561554,0.9587178826332092,0.9775696396827698
4,17877969,1.0,1,-0.1399108376353979,0.9714162945747375,0.9785566926002502
4,18192074,0.0,0,-1.490228533744812,0.010986072942614555,0.06644488871097565
4,18192074,0.25,0,-0.5475810766220093,0.2607311010360718,0.616772472858429
4,18192074,0.5,0,-0.7288768887519836,0.46748557686805725,0.8055804371833801
4,18192074,0.75,0,-1.0022932291030884,0.6903340220451355,0.8057823777198792
4,18192074,1.0,0,-0.6997246742248535,0.8954938054084778,0.8840482234954834
4,18546994,0.0,0,-0.10984159167855978,1.0,0.9999996423721313
4,18546994,0.25,0,-0.10364491050131619,0.9999995231628418,0.9999983310699463
4,18546994,0.5,0,-0.09729297168087214,0.9999998807907104,0.9999979734420776
4,18546994,0.75,0,-0.1173013907391578,0.9999998807907104,0.9999983310699463
4,18546994,1.0,0,-0.10484925773926079,0.9999998807907104,0.9999979734420776
4,19273561,0.0,1,-0.0002445875434204936,0.9996205568313599,0.9997329115867615
4,19273561,0.25,1,-0.0002475687360856682,0.9996577501296997,0.9997225403785706
4,19273561,0.5,1,-0.00022038265888113528,0.9997742772102356,0.9998137354850769
4,19273561,0.75,1,-0.00020750529074575752,0.9996340274810791,0.9997826218605042
4,19273561,1.0,1,-0.00019713198707904667,0.9995474219322205,0.9997498393058777
4,19425852,0.0,1,-0.026353973895311356,0.7258753180503845,0.9999443292617798
4,19425852,0.25,1,-0.2890811264514923,0.0007538156933151186,0.8561233878135681
4,19425852,0.5,1,-0.3834156394004822,5.402614988270216e-06,0.13176923990249634
4,19425852,0.75,1,-0.5370027422904968,7.665688173119634e-08,0.002327383728697896
4,19425852,1.0,0,-1.1449869871139526,2.7714873951367736e-08,7.385124627035111e-05
5,00324617,0.0,0,-0.3516688855209698,0.9892562627792358,0.9343693256378174
5,00324617,0.25,0,-0.32592322149624425,0.3394072651863098,0.16529522836208344
5,00324617,0.5,1,-0.7152606844902039,0.8369392156600952,0.8978216648101807
5,00324617,0.75,1,-0.9968360066413879,0.03179510310292244,0.214125856757164
5,00324617,1.0,0,-1.7146633863449097,0.08461462706327438,0.14336152374744415
5,00935826,0.0,0,-0.026905570179224014,0.09004722535610199,0.4405447542667389
5,00935826,0.25,0,-0.014747772365808487,0.0005390149890445173,0.0008950158953666687
5,00935826,0.5,0,-0.012751230970025063,0.0006643583183176816,0.0006128620589151978
5,00935826,0.75,0,-0.019105834886431694,0.0002092572394758463,0.0003169365809299052
5,00935826,1.0,0,-0.022943265736103058,0.0006061479216441512,0.0009896772680804133
5,01229011,0.0,1,-0.12908963859081268,0.9990556836128235,0.9979214072227478
5,01229011,0.25,1,-0.26319804787635803,0.18182295560836792,0.18042989075183868
5,01229011,0.5,1,-0.4683453440666199,0.012274419888854027,0.04396308958530426
5,01229011,0.75,0,-1.098774790763855,0.0029852590523660183,0.00338188954629004
5,01229011,1.0,1,-0.8489480018615723,0.0012872766237705946,0.004098967649042606
5,01582909,0.0,1,-0.008729156106710434,0.988669216632843,0.9967184662818909
5,01582909,0.25,1,-0.38854482769966125,0.9857073426246643,0.9828470945358276
5,01582909,0.5,1,-0.3884674608707428,0.9858366250991821,0.9810982942581177
5,01582909,0.75,1,-0.5779739618301392,0.9632785320281982,0.9545777440071106
5,01582909,1.0,1,-0.5250870585441589,0.9674260020256042,0.9564419388771057
5,01945269,0.0,1,-0.20522288978099823,0.9999878406524658,0.9999709129333496
5,01945269,0.25,0,-0.12432712316513062,0.999794065952301,0.9996446371078491
5,01945269,0.5,0,-0.08764208108186722,0.9997581839561462,0.9995589852333069
5,01945269,0.75,0,-0.11056463420391083,0.9996911287307739,0.9994224309921265
5,01945269,1.0,0,-0.12092910706996918,0.9996696710586548,0.9992203712463379
5,02625059,0.0,0,-0.1534704389050603,0.0020670383237302303,0.03935695067048073
5,02625059,0.25,0,-0.14263621531426907,0.0034784621093422174,0.06320664286613464
5,02625059,0.5,0,-0.11531616188585758,0.001694102305918932,0.033890318125486374
5,02625059,0.75,0,-0.1264263577759266,0.002012222772464156,0.04625720903277397
5,02625059,1.0,0,-0.12085843086242676,0.003977931570261717,0.06715469062328339
5,03492559,0.0,1,-0.014764113235287368,0.16755494475364685,0.06767424941062927
5,03492559,0.25,1,-0.010238725983072072,0.01580178551375866,0.007289785426110029
5,03492559,0.5,1,-0.3837301164943104,0.0038889646530151367,0.005226004868745804
5,03492559,0.75,0,-0.7485057832673192,0.05743137001991272,0.0315161794424057
5,03492559,1.0,0,-0.8112055361270905,0.07903233170509338,0.03217882290482521
5,04110778,0.0,1,-0.23052836954593658,0.08286381512880325,0.005256786476820707
5,04110778,0.25,1,-0.5332700610160828,0.03959743678569794,0.008883727714419365
5,04110778,0.5,1,-0.8383844494819641,0.003284463891759515,0.0014908818993717432
5,04110778,0.75,1,-0.9695462584495544,2.98217073577689e-05,4.1003997466759756e-05
5,04110778,1.0,1,-0.9853618144989014,1.5544208508799784e-05,2.101547761412803e-05
5,04706818,0.0,1,-0.007162607274949551,0.9999995231628418,0.9999986886978149
5,04706818,0.25,1,-0.004324954003095627,0.9999986886978149,0.9999973773956299
5,04706818,0.5,1,-0.004877941217273474,0.9999988079071045,0.9999970197677612
5,04706818,0.75,1,-0.005987773183733225,0.9999985694885254,0.9999966621398926
5,04706818,1.0,1,-0.004760851617902517,0.9999995231628418,0.9999982118606567
5,0526849,0.0,1,-0.012394427321851254,0.9759830832481384,0.872772753238678
5,0526849,0.25,1,-0.9906246662139893,0.055654335767030716,0.44362884759902954
5,0526849,0.5,1,-0.805965781211853,0.10124293714761734,0.7835893630981445
5,0526849,0.75,1,-1.153124213218689,0.10897675901651382,0.8002014756202698
5,0526849,1.0,1,-1.4942667484283447,0.04857150465250015,0.6916066408157349
5,06435607,0.0,0,-0.8395566117251292,0.04673903062939644,0.2144731730222702
5,06435607,0.25,0,-0.5132940921466798,0.38504546880722046,0.9340282082557678
5,06435607,0.5,0,-0.3749085840245243,0.608863890171051,0.9894507527351379
5,06435607,0.75,0,-0.31449261819943786,0.573724627494812,0.9667500257492065
5,06435607,1.0,0,-0.36889023616095074,0.5991286039352417,0.9800546169281006
5,0677905,0.0,1,-0.3576163768302649,4.437762254383415e-05,0.0006031676311977208
5,0677905,0.25,1,-0.5360856408951804,2.2934464141144417e-06,0.00020774539734702557
5,0677905,0.5,1,-0.5644908210961148,4.1493206440201824e-12,5.92046456304729e-09
5,0677905,0.75,1,-0.5717492745025083,2.304956139148606e-12,4.248292828634703e-09
5,0677905,1.0,1,-0.5691974322544411,4.2442364726891224e-12,5.0571209442296094e-09
5,07696704,0.0,1,-0.34919092059135437,0.9997996687889099,0.9983528852462769
5,07696704,0.25,0,-0.9393333196640015,0.9513019323348999,0.9779240489006042
5,07696704,0.5,0,-0.8415318131446838,0.9547395706176758,0.9826825857162476
5,07696704,0.75,0,-0.8707919120788574,0.9793576002120972,0.9917661547660828
5,07696704,1.0,0,-0.8918898105621338,0.9683465361595154,0.9867642521858215
5,08249762,0.0,0,-0.9048933386802673,0.2025894820690155,0.6734763979911804
5,08249762,0.25,0,-0.5014041066169739,0.14605018496513367,0.49884727597236633
5,08249762,0.5,0,-0.3386705219745636,0.1906082034111023,0.5763576626777649
5,08249762,0.75,0,-0.3213609755039215,0.23798535764217377,0.6098020076751709
5,08249762,1.0,0,-0.3394542634487152,0.24006842076778412,0.5996730923652649
5,08816090,0.0,1,-0.11051894724369049,0.7090655565261841,0.7071105241775513
5,08816090,0.25,1,-0.15866447240114212,0.9367770552635193,0.8842085599899292
5,08816090,0.5,1,-0.1893466468900442,0.9452677965164185,0.8990521430969238
5,08816090,0.75,1,-0.14937327802181244,0.9453879594802856,0.8863764405250549
5,08816090,1.0,1,-0.15425538644194603,0.9478342533111572,0.917101263999939
5,09226921,0.0,1,-0.5379509925842285,0.40202611684799194,0.9171500205993652
5,09226921,0.25,1,-0.4973905682563782,0.9258350133895874,0.9939688444137573
5,09226921,0.5,1,-0.49083584547042847,0.9127650856971741,0.9914873838424683
5,09226921,0.75,1,-0.44348424673080444,0.5930251479148865,0.9637202024459839
5,09226921,1.0,1,-0.44348424673080444,0.5930251479148865,0.9637202024459839
5,09961673,0.0,0,-0.1548198014497757,1.0,0.9999964237213135
5,09961673,0.25,0,-0.821155309677124,0.9999170303344727,0.9997363686561584
5,09961673,0.5,0,-0.9714354276657104,0.9998899698257446,0.9990813732147217
5,09961673,0.75,0,-1.0125720500946045,0.9999890327453613,0.999909520149231
5,09961673,1.0,0,-1.2334681749343872,0.9999972581863403,0.999984622001648
5,10324248,0.0,1,-0.21225252747535706,0.9999134540557861,0.9987737536430359
5,10324248,0.25,1,-0.1373390257358551,0.9668362736701965,0.9427984952926636
5,10324248,0.5,1,-0.08798132091760635,0.6250816583633423,0.6793286800384521
5,10324248,0.75,1,-0.11976473033428192,0.3496561646461487,0.36125707626342773
5,10324248,1.0,1,-0.7950546145439148,0.001606844598427415,0.014036273583769798
5,10983653,0.0,0,-0.5070135593414307,0.0006950707756914198,0.00020106742158532143
5,10983653,0.25,0,-0.881964385509491,0.0001911396684590727,0.00013288042100612074
5,10983653,0.5,0,-0.8303444385528564,6.746776489308104e-05,3.081492104684003e-05
5,10983653,0.75,0,-0.981949508190155,0.0002181862946599722,9.182281064568087e-05
5,10983653,1.0,0,-1.070863962173462,0.00020440865773707628,9.425448661204427e-05
5,1188149,0.0,0,-0.4422313552349806,0.0033628293313086033,0.30051445960998535
5,1188149,0.25,1,-0.4870351254940033,0.06151970848441124,0.6666120886802673
5,1188149,0.5,0,-0.8444749712944031,0.2169964760541916,0.8932016491889954
5,1188149,0.75,0,-0.6152318716049194,0.13202854990959167,0.6599622964859009
5,1188149,1.0,0,-0.6102482676506042,0.562828779220581,0.9092655777931213
5,12476717,0.0,1,-0.06467658281326294,0.07632613182067871,0.013814399018883705
5,12476717,0.25,1,-0.5575830936431885,5.465525418912875e-07,4.160081516602077e-06
5,12476717,0.5,1,-0.16282440721988678,5.843160124641145e-06,1.2315873618717887e-06
5,12476717,0.75,1,-0.5870298743247986,7.700521564402152e-06,4.959834313922329e-06
5,12476717,1.0,1,-0.4515704810619354,3.865269536618143e-05,2.615325320221018e-05
5,13356863,0.0,1,-0.21671922504901886,0.6768903732299805,0.8907201290130615
5,13356863,0.25,0,-0.1820698380470276,0.6526069641113281,0.821499228477478
5,13356863,0.5,0,-0.25219687819480896,0.7304646372795105,0.7471298575401306
5,13356863,0.75,0,-0.18521223962306976,0.581975519657135,0.6801865100860596
5,13356863,1.0,0,-0.16390739381313324,0.5478614568710327,0.5913025140762329
5,13483129,0.0,1,-0.281403124332428,0.9999089241027832,0.9860871434211731
5,13483129,0.25,1,-0.2381303608417511,0.9999969005584717,0.9977351427078247
5,13483129,0.5,1,-0.7943205237388611,0.999850869178772,0.9373577833175659
5,13483129,0.75,1,-1.3184860944747925,0.9996438026428223,0.8360825777053833
5,13483129,1.0,1,-1.404866099357605,0.9997650980949402,0.941515326499939
5,13777356,0.0,1,-0.161495640873909,0.9988781809806824,0.9959932565689087
5,13777356,0.25,0,-0.09107601642608643,0.6043609380722046,0.7342007756233215
5,13777356,0.5,0,-0.07169686257839203,0.5614395141601562,0.7120918035507202
5,13777356,0.75,0,-0.07174181938171387,0.4865975081920624,0.6912854313850403
5,13777356,1.0,0,-0.0907936841249466,0.6016585826873779,0.7118819355964661
5,14144547,0.0,0,-0.5912147127091885,0.02139401063323021,0.0015968272928148508
5,14144547,0.25,0,-0.3965314943343401,0.021378792822360992,0.0008691222174093127
5,14144547,0.5,0,-0.36404593102633953,0.13994275033473969,0.0019273043144494295
5,14144547,0.75,0,-0.3094595903530717,0.09172844886779785,0.0005752843571826816
5,14144547,1.0,0,-0.354504331946373,0.20666083693504333,0.0018337405053898692
5,14451054,0.0,0,-0.9203850626945496,8.102680340016377e-07,1.512527170177691e-08
5,14451054,0.25,0,-1.2558797597885132,9.015388968691695e-07,3.4053613262585714e-08
5,14451054,0.5,0,-0.8583338260650635,1.5099392669526424e-07,1.0741863398777696e-08
5,14451054,0.75,0,-0.8131355047225952,9.514535292964865e-08,4.6391885888397155e-09
5,14451054,1.0,0,-0.46001094579696655,3.706751101617556e-07,5.452845730502531e-09
5,15284589,0.0,1,-0.17791185423266143,0.9999756813049316,0.999968409538269
5,15284589,0.25,1,-0.2672999675851315,0.9979522228240967,0.9995123147964478
5,15284589,0.5,1,-0.23459873592946678,0.9990279674530029,0.999612033367157
5,15284589,0.75,1,-0.27336371317505836,0.9972250461578369,0.998815655708313
5,15284589,1.0,1,-0.2964583267457783,0.9978265166282654,0.9985015392303467
5,15813958,0.0,1,-0.19014282536227256,0.8799052834510803,0.7505249381065369
5,15813958,0.25,1,-0.37651074037421495,1.3377187357832554e-08,3.744969490071526e-06
5,15813958,0.5,0,-0.9052403569221497,4.402257169910939e-10,1.603242205661104e-09
5,15813958,0.75,0,-0.9672776460647583,1.2402088245266896e-09,4.085332516723383e-09
5,15813958,1.0,0,-1.1563807725906372,6.294514354188152e-10,2.208264682224126e-09
5,1616401,0.0,1,-0.07112101465463638,0.9993031024932861,0.9981853365898132
5,1616401,0.25,1,-0.5247608423233032,0.11655488610267639,0.210947647690773
5,1616401,0.5,1,-0.9794274568557739,0.006716728676110506,0.07364262640476227
5,1616401,0.75,1,-0.8325496315956116,0.003733727615326643,0.03271634876728058
5,1616401,1.0,1,-0.7628370523452759,0.004032278433442116,0.03200359269976616
5,17134462,0.0,1,-0.14917369186878204,0.23377515375614166,0.3916926085948944
5,17134462,0.25,1,-0.3596903085708618,0.24926787614822388,0.40753787755966187
5,17134462,0.5,1,-0.4752429127693176,0.4202530086040497,0.578521192073822
5,17134462,0.75,1,-0.5384037494659424,0.45366427302360535,0.5208577513694763
5,17134462,1.0,1,-0.4278014898300171,0.5479442477226257,0.5260846018791199
5,17726086,0.0,1,-0.004734377842396498,0.9997461438179016,0.9980625510215759
5,17726086,0.25,1,-0.006079040467739105,0.9982759952545166,0.991772472858429
5,17726086,0.5,1,-0.31426388025283813,0.9432060718536377,0.8643067479133606
5,17726086,0.75,1,-0.4297003746032715,0.9491672515869141,0.8756641149520874
5,17726086,1.0,1,-0.5242027044296265,0.9692837595939636,0.8950363397598267
5,18175256,0.0,0,-0.6709480285644531,0.00598547700792551,0.0006239595822989941
5,18175256,0.25,0,-0.709934413433075,0.013876587152481079,0.0013015238801017404
5,18175256,0.5,0,-0.7643988132476807,0.023012273013591766,0.0015822923742234707
5,18175256,0.75,0,-0.7208751440048218,0.03496170416474342,0.002418655203655362
5,18175256,1.0,0,-0.6741094589233398,0.028088156133890152,0.0021257076878100634
5,18503824,0.0,1,-0.7132055759429932,0.03652358800172806,0.42706331610679626
5,18503824,0.25,1,-0.6312539577484131,0.0007332175155170262,0.013865114189684391
5,18503824,0.5,1,-1.8037879467010498,0.005147890187799931,0.031207114458084106
5,18503824,0.75,1,-1.8184800148010254,0.006168653257191181,0.03256719559431076
5,18503824,1.0,1,-1.744484782218933,0.010640783235430717,0.039959654211997986
5,18922746,0.0,0,-0.6091974973678589,0.962309718132019,0.21834857761859894
5,18922746,0.25,0,-0.7113931179046631,0.9900984168052673,0.2865525186061859
5,18922746,0.5,0,-0.6069834232330322,0.9990904331207275,0.463230162858963
5,18922746,0.75,0,-0.7074549198150635,0.9992444515228271,0.4738501012325287
5,18922746,1.0,0,-0.6807907819747925,0.9977777600288391,0.4130619764328003
5,19417601,0.0,1,-0.1493397206068039,7.695449312450364e-06,7.194116915343329e-05
5,19417601,0.25,0,-1.5270130634307861,6.618811880798603e-07,2.270660479553044e-05
5,19417601,0.5,0,-1.2746853828430176,5.389055786508834e-06,0.00010047294927062467
5,19417601,0.75,0,-1.3167500495910645,8.581685506214853e-06,9.56451112870127e-05
5,19417601,1.0,0,-1.307586431503296,5.199189217819367e-06,5.903247438254766e-05
